allele,seq_num,start,end,length,peptide,core,icore,score,rank
HLA-C*01:02,1,1055,1063,9,SAPHGVVFL,SAPHGVVFL,SAPHGVVFL,0.966661,0.01
HLA-C*01:02,1,505,513,9,YQPYRVVVL,YQPYRVVVL,YQPYRVVVL,0.873139,0.01
HLA-C*01:02,1,382,390,9,VSPTKLNDL,VSPTKLNDL,VSPTKLNDL,0.83767,0.01
HLA-C*01:02,1,215,223,9,DLPQGFSAL,DLPQGFSAL,DLPQGFSAL,0.69683,0.03
HLA-C*01:02,1,109,117,9,TLDSKTQSL,TLDSKTQSL,TLDSKTQSL,0.59602,0.05
HLA-C*01:02,1,525,533,9,CGPKKSTNL,CGPKKSTNL,CGPKKSTNL,0.544317,0.07
HLA-C*01:02,1,269,277,9,YLQPRTFLL,YLQPRTFLL,YLQPRTFLL,0.518925,0.08
HLA-C*01:02,1,410,418,9,IAPGQTGKI,IAPGQTGKI,IAPGQTGKI,0.515367,0.09
HLA-C*01:02,1,1137,1145,9,VYDPLQPEL,VYDPLQPEL,VYDPLQPEL,0.416117,0.11
HLA-C*01:02,1,951,959,9,VVNQNAQAL,VVNQNAQAL,VVNQNAQAL,0.374298,0.13
HLA-C*01:02,1,679,687,9,NSPRRARSV,NSPRRARSV,NSPRRARSV,0.352306,0.14
HLA-C*01:02,1,1067,1075,9,YVPAQEKNF,YVPAQEKNF,YVPAQEKNF,0.338974,0.14
HLA-C*01:02,1,869,877,9,MIAQYTSAL,MIAQYTSAL,MIAQYTSAL,0.268371,0.2
HLA-C*01:02,1,937,945,9,SLSSTASAL,SLSSTASAL,SLSSTASAL,0.258826,0.22
HLA-C*01:02,1,204,212,9,YSKHTPINL,YSKHTPINL,YSKHTPINL,0.237518,0.24
HLA-C*01:02,1,691,699,9,SIIAYTMSL,SIIAYTMSL,SIIAYTMSL,0.224447,0.26
HLA-C*01:02,1,433,441,9,VIAWNSNNL,VIAWNSNNL,VIAWNSNNL,0.214161,0.27
HLA-C*01:02,1,976,984,9,VLNDILSRL,VLNDILSRL,VLNDILSRL,0.198321,0.29
HLA-C*01:02,1,24,32,9,LPPAYTNSF,LPPAYTNSF,LPPAYTNSF,0.196713,0.3
HLA-C*01:02,1,870,878,9,IAQYTSALL,IAQYTSALL,IAQYTSALL,0.192389,0.31
HLA-C*01:02,1,221,229,9,SALEPLVDL,SALEPLVDL,SALEPLVDL,0.184589,0.34
HLA-C*01:02,1,241,249,9,LLALHRSYL,LLALHRSYL,LLALHRSYL,0.160768,0.4
HLA-C*01:02,1,996,1004,9,LITGRLQSL,LITGRLQSL,LITGRLQSL,0.15454,0.42
HLA-C*01:02,1,712,720,9,IAIPTNFTI,IAIPTNFTI,IAIPTNFTI,0.146751,0.44
HLA-C*01:02,1,417,425,9,KIADYNYKL,KIADYNYKL,KIADYNYKL,0.141108,0.46
HLA-C*01:02,1,1054,1062,9,QSAPHGVVF,QSAPHGVVF,QSAPHGVVF,0.140396,0.46
HLA-C*01:02,1,718,726,9,FTISVTTEI,FTISVTTEI,FTISVTTEI,0.126646,0.52
HLA-C*01:02,1,489,497,9,YFPLQSYGF,YFPLQSYGF,YFPLQSYGF,0.119421,0.55
HLA-C*01:02,1,1189,1197,9,VAKNLNESL,VAKNLNESL,VAKNLNESL,0.115685,0.57
HLA-C*01:02,1,171,179,9,VSQPFLMDL,VSQPFLMDL,VSQPFLMDL,0.113645,0.58
HLA-C*01:02,1,233,241,9,INITRFQTL,INITRFQTL,INITRFQTL,0.108682,0.6
HLA-C*01:02,1,923,931,9,IANQFNSAI,IANQFNSAI,IANQFNSAI,0.105121,0.61
HLA-C*01:02,1,1088,1096,9,HFPREGVFV,HFPREGVFV,HFPREGVFV,0.103174,0.62
HLA-C*01:02,1,444,452,9,KVGGNYNYL,KVGGNYNYL,KVGGNYNYL,0.102727,0.63
HLA-C*01:02,1,78,86,9,RFDNPVLPF,RFDNPVLPF,RFDNPVLPF,0.101387,0.64
HLA-C*01:02,1,886,894,9,WTFGAGAAL,WTFGAGAAL,WTFGAGAAL,0.097547,0.65
HLA-C*01:02,1,584,592,9,ILDITPCSF,ILDITPCSF,ILDITPCSF,0.088979,0.71
HLA-C*01:02,1,1185,1193,9,RLNEVAKNL,RLNEVAKNL,RLNEVAKNL,0.088965,0.71
HLA-C*01:02,1,160,168,9,YSSANNCTF,YSSANNCTF,YSSANNCTF,0.086553,0.73
HLA-C*01:02,1,704,712,9,SVAYSNNSI,SVAYSNNSI,SVAYSNNSI,0.083615,0.75
HLA-C*01:02,1,202,210,9,KIYSKHTPI,KIYSKHTPI,KIYSKHTPI,0.081987,0.77
HLA-C*01:02,1,262,270,9,AAAYYVGYL,AAAYYVGYL,AAAYYVGYL,0.080215,0.79
HLA-C*01:02,1,915,923,9,VLYENQKLI,VLYENQKLI,VLYENQKLI,0.074635,0.83
HLA-C*01:02,1,1021,1029,9,SANLAATKM,SANLAATKM,SANLAATKM,0.074065,0.84
HLA-C*01:02,1,612,620,9,YQDVNCTEV,YQDVNCTEV,YQDVNCTEV,0.073775,0.84
HLA-C*01:02,1,759,767,9,FCTQLNRAL,FCTQLNRAL,FCTQLNRAL,0.073723,0.84
HLA-C*01:02,1,46,54,9,SVLHSTQDL,SVLHSTQDL,SVLHSTQDL,0.073354,0.85
HLA-C*01:02,1,503,511,9,VGYQPYRVV,VGYQPYRVV,VGYQPYRVV,0.072899,0.86
HLA-C*01:02,1,497,505,9,FQPTNGVGY,FQPTNGVGY,FQPTNGVGY,0.07133,0.87
HLA-C*01:02,1,940,948,9,STASALGKL,STASALGKL,STASALGKL,0.068602,0.9
HLA-C*01:02,1,1144,1152,9,ELDSFKEEL,ELDSFKEEL,ELDSFKEEL,0.066614,0.93
HLA-C*01:02,1,958,966,9,ALNTLVKQL,ALNTLVKQL,ALNTLVKQL,0.065244,0.95
HLA-C*01:02,1,285,293,9,ITDAVDCAL,ITDAVDCAL,ITDAVDCAL,0.062713,0.99
HLA-C*01:02,1,833,841,9,FIKQYGDCL,FIKQYGDCL,FIKQYGDCL,0.060369,1.0
HLA-C*01:02,1,1060,1068,9,VVFLHVTYV,VVFLHVTYV,VVFLHVTYV,0.060324,1.0
HLA-C*01:02,1,861,869,9,LPPLLTDEM,LPPLLTDEM,LPPLLTDEM,0.057421,1.1
HLA-C*01:02,1,55,63,9,FLPFFSNVT,FLPFFSNVT,FLPFFSNVT,0.054552,1.1
HLA-C*01:02,1,1004,1012,9,LQTYVTQQL,LQTYVTQQL,LQTYVTQQL,0.052768,1.1
HLA-C*01:02,1,850,858,9,ICAQKFNGL,ICAQKFNGL,ICAQKFNGL,0.052608,1.2
HLA-C*01:02,1,7,15,9,LLPLVSSQC,LLPLVSSQC,LLPLVSSQC,0.052017,1.2
HLA-C*01:02,1,635,643,9,VYSTGSNVF,VYSTGSNVF,VYSTGSNVF,0.050881,1.2
HLA-C*01:02,1,495,503,9,YGFQPTNGV,YGFQPTNGV,YGFQPTNGV,0.050612,1.2
HLA-C*01:02,1,603,611,9,NTSNQVAVL,NTSNQVAVL,NTSNQVAVL,0.050113,1.2
HLA-C*01:02,1,327,335,9,VRFPNITNL,VRFPNITNL,VRFPNITNL,0.04829,1.2
HLA-C*01:02,1,719,727,9,TISVTTEIL,TISVTTEIL,TISVTTEIL,0.047865,1.2
HLA-C*01:02,1,424,432,9,KLPDDFTGC,KLPDDFTGC,KLPDDFTGC,0.047178,1.3
HLA-C*01:02,1,267,275,9,VGYLQPRTF,VGYLQPRTF,VGYLQPRTF,0.046635,1.3
HLA-C*01:02,1,587,595,9,ITPCSFGGV,ITPCSFGGV,ITPCSFGGV,0.0465,1.3
HLA-C*01:02,1,1192,1200,9,NLNESLIDL,NLNESLIDL,NLNESLIDL,0.045708,1.3
HLA-C*01:02,1,366,374,9,SVLYNSASF,SVLYNSASF,SVLYNSASF,0.045397,1.3
HLA-C*01:02,1,92,100,9,FASTEKSNI,FASTEKSNI,FASTEKSNI,0.044127,1.3
HLA-C*01:02,1,706,714,9,AYSNNSIAI,AYSNNSIAI,AYSNNSIAI,0.042923,1.3
HLA-C*01:02,1,894,902,9,LQIPFAMQM,LQIPFAMQM,LQIPFAMQM,0.042039,1.3
HLA-C*01:02,1,634,642,9,RVYSTGSNV,RVYSTGSNV,RVYSTGSNV,0.040688,1.4
HLA-C*01:02,1,888,896,9,FGAGAALQI,FGAGAALQI,FGAGAALQI,0.040604,1.4
HLA-C*01:02,1,133,141,9,FQFCNDPFL,FQFCNDPFL,FQFCNDPFL,0.039354,1.4
HLA-C*01:02,1,28,36,9,YTNSFTRGV,YTNSFTRGV,YTNSFTRGV,0.037216,1.5
HLA-C*01:02,1,102,110,9,RGWIFGTTL,RGWIFGTTL,RGWIFGTTL,0.036627,1.5
HLA-C*01:02,1,805,813,9,ILPDPSKPS,ILPDPSKPS,ILPDPSKPS,0.035048,1.5
HLA-C*01:02,1,892,900,9,AALQIPFAM,AALQIPFAM,AALQIPFAM,0.034441,1.6
HLA-C*01:02,1,773,781,9,EQDKNTQEV,EQDKNTQEV,EQDKNTQEV,0.034214,1.6
HLA-C*01:02,1,723,731,9,TTEILPVSM,TTEILPVSM,TTEILPVSM,0.034074,1.6
HLA-C*01:02,1,625,633,9,HADQLTPTW,HADQLTPTW,HADQLTPTW,0.03366,1.6
HLA-C*01:02,1,820,828,9,DLLFNKVTL,DLLFNKVTL,DLLFNKVTL,0.033291,1.6
HLA-C*01:02,1,510,518,9,VVVLSFELL,VVVLSFELL,VVVLSFELL,0.033276,1.6
HLA-C*01:02,1,119,127,9,IVNNATNVV,IVNNATNVV,IVNNATNVV,0.03321,1.6
HLA-C*01:02,1,1095,1103,9,FVSNGTHWF,FVSNGTHWF,FVSNGTHWF,0.033206,1.6
HLA-C*01:02,1,93,101,9,ASTEKSNII,ASTEKSNII,ASTEKSNII,0.032993,1.6
HLA-C*01:02,1,369,377,9,YNSASFSTF,YNSASFSTF,YNSASFSTF,0.03297,1.6
HLA-C*01:02,1,268,276,9,GYLQPRTFL,GYLQPRTFL,GYLQPRTFL,0.03136,1.6
HLA-C*01:02,1,552,560,9,LTESNKKFL,LTESNKKFL,LTESNKKFL,0.031272,1.7
HLA-C*01:02,1,328,336,9,RFPNITNLC,RFPNITNLC,RFPNITNLC,0.02794,1.8
HLA-C*01:02,1,342,350,9,FNATRFASV,FNATRFASV,FNATRFASV,0.027603,1.8
HLA-C*01:02,1,983,991,9,RLDKVEAEV,RLDKVEAEV,RLDKVEAEV,0.027374,1.8
HLA-C*01:02,1,135,143,9,FCNDPFLGV,FCNDPFLGV,FCNDPFLGV,0.027091,1.8
HLA-C*01:02,1,234,242,9,NITRFQTLL,NITRFQTLL,NITRFQTLL,0.027067,1.8
HLA-C*01:02,1,551,559,9,VLTESNKKF,VLTESNKKF,VLTESNKKF,0.026134,1.9
HLA-C*01:02,1,726,734,9,ILPVSMTKT,ILPVSMTKT,ILPVSMTKT,0.025789,1.9
HLA-C*01:02,1,83,91,9,VLPFNDGVY,VLPFNDGVY,VLPFNDGVY,0.025755,1.9
HLA-C*01:02,1,797,805,9,FGGFNFSQI,FGGFNFSQI,FGGFNFSQI,0.024566,1.9
HLA-C*01:02,1,10,18,9,LVSSQCVNL,LVSSQCVNL,LVSSQCVNL,0.024533,1.9
HLA-C*01:02,1,576,584,9,VRDPQTLEI,VRDPQTLEI,VRDPQTLEI,0.022845,2.0
HLA-C*01:02,1,943,951,9,SALGKLQDV,SALGKLQDV,SALGKLQDV,0.022649,2.0
HLA-C*01:02,1,1052,1060,9,FPQSAPHGV,FPQSAPHGV,FPQSAPHGV,0.021906,2.1
HLA-C*01:02,1,574,582,9,DAVRDPQTL,DAVRDPQTL,DAVRDPQTL,0.021806,2.1
HLA-C*01:02,1,1175,1183,9,SVVNIQKEI,SVVNIQKEI,SVVNIQKEI,0.020819,2.1
HLA-C*01:02,1,1225,1233,9,IAIVMVTIM,IAIVMVTIM,IAIVMVTIM,0.020748,2.1
HLA-C*01:02,1,50,58,9,STQDLFLPF,STQDLFLPF,STQDLFLPF,0.020671,2.1
HLA-C*01:02,1,544,552,9,NGLTGTGVL,NGLTGTGVL,NGLTGTGVL,0.020548,2.1
HLA-C*01:02,1,930,938,9,AIGKIQDSL,AIGKIQDSL,AIGKIQDSL,0.020306,2.2
HLA-C*01:02,1,810,818,9,SKPSKRSFI,SKPSKRSFI,SKPSKRSFI,0.020149,2.2
HLA-C*01:02,1,319,327,9,RVQPTESIV,RVQPTESIV,RVQPTESIV,0.019823,2.2
HLA-C*01:02,1,969,977,9,NFGAISSVL,NFGAISSVL,NFGAISSVL,0.019695,2.2
HLA-C*01:02,1,16,24,9,VNLTTRTQL,VNLTTRTQL,VNLTTRTQL,0.019203,2.2
HLA-C*01:02,1,1042,1050,9,FCGKGYHLM,FCGKGYHLM,FCGKGYHLM,0.019171,2.2
HLA-C*01:02,1,746,754,9,STECSNLLL,STECSNLLL,STECSNLLL,0.019155,2.2
HLA-C*01:02,1,642,650,9,VFQTRAGCL,VFQTRAGCL,VFQTRAGCL,0.018828,2.3
HLA-C*01:02,1,1081,1089,9,ICHDGKAHF,ICHDGKAHF,ICHDGKAHF,0.018393,2.3
HLA-C*01:02,1,1096,1104,9,VSNGTHWFV,VSNGTHWFV,VSNGTHWFV,0.017966,2.3
HLA-C*01:02,1,2,10,9,FVFLVLLPL,FVFLVLLPL,FVFLVLLPL,0.017464,2.4
HLA-C*01:02,1,798,806,9,GGFNFSQIL,GGFNFSQIL,GGFNFSQIL,0.017178,2.4
HLA-C*01:02,1,1226,1234,9,AIVMVTIML,AIVMVTIML,AIVMVTIML,0.017002,2.4
HLA-C*01:02,1,898,906,9,FAMQMAYRF,FAMQMAYRF,FAMQMAYRF,0.016584,2.4
HLA-C*01:02,1,350,358,9,VYAWNRKRI,VYAWNRKRI,VYAWNRKRI,0.016398,2.5
HLA-C*01:02,1,144,152,9,YYHKNNKSW,YYHKNNKSW,YYHKNNKSW,0.016348,2.5
HLA-C*01:02,1,1026,1034,9,ATKMSECVL,ATKMSECVL,ATKMSECVL,0.016265,2.5
HLA-C*01:02,1,954,962,9,QNAQALNTL,QNAQALNTL,QNAQALNTL,0.015724,2.5
HLA-C*01:02,1,734,742,9,TSVDCTMYI,TSVDCTMYI,TSVDCTMYI,0.015271,2.6
HLA-C*01:02,1,914,922,9,NVLYENQKL,NVLYENQKL,NVLYENQKL,0.015236,2.6
HLA-C*01:02,1,1000,1008,9,RLQSLQTYV,RLQSLQTYV,RLQSLQTYV,0.01519,2.6
HLA-C*01:02,1,167,175,9,TFEYVSQPF,TFEYVSQPF,TFEYVSQPF,0.015177,2.6
HLA-C*01:02,1,504,512,9,GYQPYRVVV,GYQPYRVVV,GYQPYRVVV,0.014982,2.6
HLA-C*01:02,1,37,45,9,YYPDKVFRS,YYPDKVFRS,YYPDKVFRS,0.014525,2.6
HLA-C*01:02,1,689,697,9,SQSIIAYTM,SQSIIAYTM,SQSIIAYTM,0.014394,2.7
HLA-C*01:02,1,777,785,9,NTQEVFAQV,NTQEVFAQV,NTQEVFAQV,0.014241,2.7
HLA-C*01:02,1,1169,1177,9,ISGINASVV,ISGINASVV,ISGINASVV,0.013877,2.7
HLA-C*01:02,1,399,407,9,SFVIRGDEV,SFVIRGDEV,SFVIRGDEV,0.013743,2.7
HLA-C*01:02,1,973,981,9,ISSVLNDIL,ISSVLNDIL,ISSVLNDIL,0.013635,2.7
HLA-C*01:02,1,1262,1270,9,EPVLKGVKL,EPVLKGVKL,EPVLKGVKL,0.013263,2.8
HLA-C*01:02,1,51,59,9,TQDLFLPFF,TQDLFLPFF,TQDLFLPFF,0.013207,2.8
HLA-C*01:02,1,710,718,9,NSIAIPTNF,NSIAIPTNF,NSIAIPTNF,0.013155,2.8
HLA-C*01:02,1,968,976,9,SNFGAISSV,SNFGAISSV,SNFGAISSV,0.012844,2.8
HLA-C*01:02,1,392,400,9,FTNVYADSF,FTNVYADSF,FTNVYADSF,0.0127,2.8
HLA-C*01:02,1,509,517,9,RVVVLSFEL,RVVVLSFEL,RVVVLSFEL,0.012553,2.9
HLA-C*01:02,1,538,546,9,CVNFNFNGL,CVNFNFNGL,CVNFNFNGL,0.012069,2.9
HLA-C*01:02,1,168,176,9,FEYVSQPFL,FEYVSQPFL,FEYVSQPFL,0.012047,2.9
HLA-C*01:02,1,1048,1056,9,HLMSFPQSA,HLMSFPQSA,HLMSFPQSA,0.011887,3.0
HLA-C*01:02,1,295,303,9,PLSETKCTL,PLSETKCTL,PLSETKCTL,0.011817,3.0
HLA-C*01:02,1,699,707,9,LGAENSVAY,LGAENSVAY,LGAENSVAY,0.011675,3.0
HLA-C*01:02,1,1086,1094,9,KAHFPREGV,KAHFPREGV,KAHFPREGV,0.011463,3.0
HLA-C*01:02,1,1005,1013,9,QTYVTQQLI,QTYVTQQLI,QTYVTQQLI,0.011129,3.1
HLA-C*01:02,1,54,62,9,LFLPFFSNV,LFLPFFSNV,LFLPFFSNV,0.011102,3.1
HLA-C*01:02,1,47,55,9,VLHSTQDLF,VLHSTQDLF,VLHSTQDLF,0.010889,3.1
HLA-C*01:02,1,714,722,9,IPTNFTISV,IPTNFTISV,IPTNFTISV,0.010802,3.1
HLA-C*01:02,1,1216,1224,9,IWLGFIAGL,IWLGFIAGL,IWLGFIAGL,0.010593,3.1
HLA-C*01:02,1,697,705,9,MSLGAENSV,MSLGAENSV,MSLGAENSV,0.010307,3.2
HLA-C*01:02,1,685,693,9,RSVASQSII,RSVASQSII,RSVASQSII,0.010058,3.2
HLA-C*01:02,1,379,387,9,CYGVSPTKL,CYGVSPTKL,CYGVSPTKL,0.009958,3.3
HLA-C*01:02,1,857,865,9,GLTVLPPLL,GLTVLPPLL,GLTVLPPLL,0.009701,3.3
HLA-C*01:02,1,786,794,9,KQIYKTPPI,KQIYKTPPI,KQIYKTPPI,0.009528,3.3
HLA-C*01:02,1,1014,1022,9,RAAEIRASA,RAAEIRASA,RAAEIRASA,0.009406,3.4
HLA-C*01:02,1,1113,1121,9,QIITTDNTF,QIITTDNTF,QIITTDNTF,0.009303,3.4
HLA-C*01:02,1,212,220,9,LVRDLPQGF,LVRDLPQGF,LVRDLPQGF,0.009226,3.4
HLA-C*01:02,1,1024,1032,9,LAATKMSEC,LAATKMSEC,LAATKMSEC,0.00914,3.4
HLA-C*01:02,1,590,598,9,CSFGGVSVI,CSFGGVSVI,CSFGGVSVI,0.009016,3.5
HLA-C*01:02,1,687,695,9,VASQSIIAY,VASQSIIAY,VASQSIIAY,0.008979,3.5
HLA-C*01:02,1,360,368,9,NCVADYSVL,NCVADYSVL,NCVADYSVL,0.008865,3.5
HLA-C*01:02,1,841,849,9,LGDIAARDL,LGDIAARDL,LGDIAARDL,0.008833,3.5
HLA-C*01:02,1,218,226,9,QGFSALEPL,QGFSALEPL,QGFSALEPL,0.008751,3.5
HLA-C*01:02,1,907,915,9,NGIGVTQNV,NGIGVTQNV,NGIGVTQNV,0.008696,3.5
HLA-C*01:02,1,554,562,9,ESNKKFLPF,ESNKKFLPF,ESNKKFLPF,0.00861,3.6
HLA-C*01:02,1,122,130,9,NATNVVIKV,NATNVVIKV,NATNVVIKV,0.008529,3.6
HLA-C*01:02,1,35,43,9,GVYYPDKVF,GVYYPDKVF,GVYYPDKVF,0.008378,3.6
HLA-C*01:02,1,208,216,9,TPINLVRDL,TPINLVRDL,TPINLVRDL,0.008363,3.6
HLA-C*01:02,1,23,31,9,QLPPAYTNS,QLPPAYTNS,QLPPAYTNS,0.008295,3.6
HLA-C*01:02,1,908,916,9,GIGVTQNVL,GIGVTQNVL,GIGVTQNVL,0.008077,3.7
HLA-C*01:02,1,324,332,9,ESIVRFPNI,ESIVRFPNI,ESIVRFPNI,0.008015,3.7
HLA-C*01:02,1,453,461,9,YRLFRKSNL,YRLFRKSNL,YRLFRKSNL,0.008003,3.7
HLA-C*01:02,1,577,585,9,RDPQTLEIL,RDPQTLEIL,RDPQTLEIL,0.007677,3.8
HLA-C*01:02,1,965,973,9,QLSSNFGAI,QLSSNFGAI,QLSSNFGAI,0.007579,3.8
HLA-C*01:02,1,30,38,9,NSFTRGVYY,NSFTRGVYY,NSFTRGVYY,0.007525,3.8
HLA-C*01:02,1,865,873,9,LTDEMIAQY,LTDEMIAQY,LTDEMIAQY,0.007502,3.8
HLA-C*01:02,1,1109,1117,9,FYEPQIITT,FYEPQIITT,FYEPQIITT,0.007302,3.9
HLA-C*01:02,1,755,763,9,QYGSFCTQL,QYGSFCTQL,QYGSFCTQL,0.00722,3.9
HLA-C*01:02,1,71,79,9,SGTNGTKRF,SGTNGTKRF,SGTNGTKRF,0.007202,3.9
HLA-C*01:02,1,310,318,9,KGIYQTSNF,KGIYQTSNF,KGIYQTSNF,0.007079,3.9
HLA-C*01:02,1,62,70,9,VTWFHAIHV,VTWFHAIHV,VTWFHAIHV,0.007,4.0
HLA-C*01:02,1,236,244,9,TRFQTLLAL,TRFQTLLAL,TRFQTLLAL,0.006998,4.0
HLA-C*01:02,1,895,903,9,QIPFAMQMA,QIPFAMQMA,QIPFAMQMA,0.006958,4.0
HLA-C*01:02,1,152,160,9,WMESEFRVY,WMESEFRVY,WMESEFRVY,0.006821,4.0
HLA-C*01:02,1,60,68,9,SNVTWFHAI,SNVTWFHAI,SNVTWFHAI,0.00676,4.1
HLA-C*01:02,1,1087,1095,9,AHFPREGVF,AHFPREGVF,AHFPREGVF,0.006655,4.1
HLA-C*01:02,1,852,860,9,AQKFNGLTV,AQKFNGLTV,AQKFNGLTV,0.00658,4.1
HLA-C*01:02,1,1221,1229,9,IAGLIAIVM,IAGLIAIVM,IAGLIAIVM,0.006551,4.1
HLA-C*01:02,1,901,909,9,QMAYRFNGI,QMAYRFNGI,QMAYRFNGI,0.006483,4.2
HLA-C*01:02,1,962,970,9,LVKQLSSNF,LVKQLSSNF,LVKQLSSNF,0.006442,4.2
HLA-C*01:02,1,1094,1102,9,VFVSNGTHW,VFVSNGTHW,VFVSNGTHW,0.00632,4.2
HLA-C*01:02,1,1129,1137,9,VIGIVNNTV,VIGIVNNTV,VIGIVNNTV,0.006277,4.3
HLA-C*01:02,1,318,326,9,FRVQPTESI,FRVQPTESI,FRVQPTESI,0.006215,4.3
HLA-C*01:02,1,721,729,9,SVTTEILPV,SVTTEILPV,SVTTEILPV,0.006048,4.4
HLA-C*01:02,1,713,721,9,AIPTNFTIS,AIPTNFTIS,AIPTNFTIS,0.006012,4.4
HLA-C*01:02,1,856,864,9,NGLTVLPPL,NGLTVLPPL,NGLTVLPPL,0.005861,4.4
HLA-C*01:02,1,464,472,9,FERDISTEI,FERDISTEI,FERDISTEI,0.005841,4.4
HLA-C*01:02,1,705,713,9,VAYSNNSIA,VAYSNNSIA,VAYSNNSIA,0.005794,4.5
HLA-C*01:02,1,288,296,9,AVDCALDPL,AVDCALDPL,AVDCALDPL,0.005792,4.5
HLA-C*01:02,1,745,753,9,DSTECSNLL,DSTECSNLL,DSTECSNLL,0.005698,4.5
HLA-C*01:02,1,1220,1228,9,FIAGLIAIV,FIAGLIAIV,FIAGLIAIV,0.005693,4.5
HLA-C*01:02,1,955,963,9,NAQALNTLV,NAQALNTLV,NAQALNTLV,0.00551,4.6
HLA-C*01:02,1,125,133,9,NVVIKVCEF,NVVIKVCEF,NVVIKVCEF,0.00551,4.6
HLA-C*01:02,1,1121,1129,9,FVSGNCDVV,FVSGNCDVV,FVSGNCDVV,0.005427,4.6
HLA-C*01:02,1,145,153,9,YHKNNKSWM,YHKNNKSWM,YHKNNKSWM,0.005337,4.7
HLA-C*01:02,1,1101,1109,9,HWFVTQRNF,HWFVTQRNF,HWFVTQRNF,0.005309,4.7
HLA-C*01:02,1,312,320,9,IYQTSNFRV,IYQTSNFRV,IYQTSNFRV,0.005293,4.7
HLA-C*01:02,1,334,342,9,NLCPFGEVF,NLCPFGEVF,NLCPFGEVF,0.005193,4.7
HLA-C*01:02,1,118,126,9,LIVNNATNV,LIVNNATNV,LIVNNATNV,0.005169,4.8
HLA-C*01:02,1,394,402,9,NVYADSFVI,NVYADSFVI,NVYADSFVI,0.005139,4.8
HLA-C*01:02,1,616,624,9,NCTEVPVAI,NCTEVPVAI,NCTEVPVAI,0.005074,4.8
HLA-C*01:02,1,1195,1203,9,ESLIDLQEL,ESLIDLQEL,ESLIDLQEL,0.005071,4.8
HLA-C*01:02,1,874,882,9,TSALLAGTI,TSALLAGTI,TSALLAGTI,0.00505,4.8
HLA-C*01:02,1,516,524,9,ELLHAPATV,ELLHAPATV,ELLHAPATV,0.005019,4.8
HLA-C*01:02,1,259,267,9,TAGAAAYYV,TAGAAAYYV,TAGAAAYYV,0.004927,4.9
HLA-C*01:02,1,371,379,9,SASFSTFKC,SASFSTFKC,SASFSTFKC,0.004864,4.9
HLA-C*01:02,1,1114,1122,9,IITTDNTFV,IITTDNTFV,IITTDNTFV,0.004851,4.9
HLA-C*01:02,1,1034,1042,9,LGQSKRVDF,LGQSKRVDF,LGQSKRVDF,0.004605,5.0
HLA-C*01:02,1,460,468,9,NLKPFERDI,NLKPFERDI,NLKPFERDI,0.004586,5.0
HLA-C*01:02,1,1130,1138,9,IGIVNNTVY,IGIVNNTVY,IGIVNNTVY,0.004374,5.1
HLA-C*01:02,1,903,911,9,AYRFNGIGV,AYRFNGIGV,AYRFNGIGV,0.00431,5.2
HLA-C*01:02,1,602,610,9,TNTSNQVAV,TNTSNQVAV,TNTSNQVAV,0.004306,5.2
HLA-C*01:02,1,658,666,9,NSYECDIPI,NSYECDIPI,NSYECDIPI,0.00424,5.2
HLA-C*01:02,1,815,823,9,RSFIEDLLF,RSFIEDLLF,RSFIEDLLF,0.004217,5.2
HLA-C*01:02,1,1178,1186,9,NIQKEIDRL,NIQKEIDRL,NIQKEIDRL,0.004169,5.3
HLA-C*01:02,1,533,541,9,LVKNKCVNF,LVKNKCVNF,LVKNKCVNF,0.004024,5.4
HLA-C*01:02,1,321,329,9,QPTESIVRF,QPTESIVRF,QPTESIVRF,0.004022,5.4
HLA-C*01:02,1,809,817,9,PSKPSKRSF,PSKPSKRSF,PSKPSKRSF,0.004009,5.4
HLA-C*01:02,1,1158,1166,9,NHTSPDVDL,NHTSPDVDL,NHTSPDVDL,0.003922,5.4
HLA-C*01:02,1,84,92,9,LPFNDGVYF,LPFNDGVYF,LPFNDGVYF,0.003591,5.7
HLA-C*01:02,1,56,64,9,LPFFSNVTW,LPFFSNVTW,LPFFSNVTW,0.003497,5.8
HLA-C*01:02,1,1224,1232,9,LIAIVMVTI,LIAIVMVTI,LIAIVMVTI,0.003496,5.8
HLA-C*01:02,1,120,128,9,VNNATNVVI,VNNATNVVI,VNNATNVVI,0.003461,5.8
HLA-C*01:02,1,821,829,9,LLFNKVTLA,LLFNKVTLA,LLFNKVTLA,0.003402,5.8
HLA-C*01:02,1,643,651,9,FQTRAGCLI,FQTRAGCLI,FQTRAGCLI,0.00333,5.9
HLA-C*01:02,1,158,166,9,RVYSSANNC,RVYSSANNC,RVYSSANNC,0.003291,5.9
HLA-C*01:02,1,447,455,9,GNYNYLYRL,GNYNYLYRL,GNYNYLYRL,0.003279,6.0
HLA-C*01:02,1,880,888,9,GTITSGWTF,GTITSGWTF,GTITSGWTF,0.003229,6.0
HLA-C*01:02,1,374,382,9,FSTFKCYGV,FSTFKCYGV,FSTFKCYGV,0.003198,6.0
HLA-C*01:02,1,629,637,9,LTPTWRVYS,LTPTWRVYS,LTPTWRVYS,0.003134,6.1
HLA-C*01:02,1,1073,1081,9,KNFTTAPAI,KNFTTAPAI,KNFTTAPAI,0.003024,6.2
HLA-C*01:02,1,162,170,9,SANNCTFEY,SANNCTFEY,SANNCTFEY,0.003024,6.2
HLA-C*01:02,1,151,159,9,SWMESEFRV,SWMESEFRV,SWMESEFRV,0.002972,6.2
HLA-C*01:02,1,48,56,9,LHSTQDLFL,LHSTQDLFL,LHSTQDLFL,0.002957,6.2
HLA-C*01:02,1,780,788,9,EVFAQVKQI,EVFAQVKQI,EVFAQVKQI,0.002924,6.3
HLA-C*01:02,1,526,534,9,GPKKSTNLV,GPKKSTNLV,GPKKSTNLV,0.002911,6.3
HLA-C*01:02,1,1051,1059,9,SFPQSAPHG,SFPQSAPHG,SFPQSAPHG,0.00286,6.3
HLA-C*01:02,1,596,604,9,SVITPGTNT,SVITPGTNT,SVITPGTNT,0.002851,6.3
HLA-C*01:02,1,934,942,9,IQDSLSSTA,IQDSLSSTA,IQDSLSSTA,0.00284,6.4
HLA-C*01:02,1,628,636,9,QLTPTWRVY,QLTPTWRVY,QLTPTWRVY,0.002818,6.4
HLA-C*01:02,1,1168,1176,9,DISGINASV,DISGINASV,DISGINASV,0.002761,6.4
HLA-C*01:02,1,517,525,9,LLHAPATVC,LLHAPATVC,LLHAPATVC,0.002723,6.5
HLA-C*01:02,1,922,930,9,LIANQFNSA,LIANQFNSA,LIANQFNSA,0.002583,6.6
HLA-C*01:02,1,860,868,9,VLPPLLTDE,VLPPLLTDE,VLPPLLTDE,0.002561,6.6
HLA-C*01:02,1,1257,1265,9,DEDDSEPVL,DEDDSEPVL,DEDDSEPVL,0.002488,6.7
HLA-C*01:02,1,919,927,9,NQKLIANQF,NQKLIANQF,NQKLIANQF,0.002436,6.8
HLA-C*01:02,1,890,898,9,AGAALQIPF,AGAALQIPF,AGAALQIPF,0.002435,6.8
HLA-C*01:02,1,1171,1179,9,GINASVVNI,GINASVVNI,GINASVVNI,0.00242,6.8
HLA-C*01:02,1,248,256,9,YLTPGDSSS,YLTPGDSSS,YLTPGDSSS,0.002413,6.8
HLA-C*01:02,1,1041,1049,9,DFCGKGYHL,DFCGKGYHL,DFCGKGYHL,0.0024,6.8
HLA-C*01:02,1,896,904,9,IPFAMQMAY,IPFAMQMAY,IPFAMQMAY,0.002395,6.8
HLA-C*01:02,1,926,934,9,QFNSAIGKI,QFNSAIGKI,QFNSAIGKI,0.002369,6.8
HLA-C*01:02,1,621,629,9,PVAIHADQL,PVAIHADQL,PVAIHADQL,0.002311,6.9
HLA-C*01:02,1,472,480,9,IYQAGSTPC,IYQAGSTPC,IYQAGSTPC,0.002299,6.9
HLA-C*01:02,1,1181,1189,9,KEIDRLNEV,KEIDRLNEV,KEIDRLNEV,0.00229,7.0
HLA-C*01:02,1,1008,1016,9,VTQQLIRAA,VTQQLIRAA,VTQQLIRAA,0.002269,7.0
HLA-C*01:02,1,781,789,9,VFAQVKQIY,VFAQVKQIY,VFAQVKQIY,0.002198,7.1
HLA-C*01:02,1,557,565,9,KKFLPFQQF,KKFLPFQQF,KKFLPFQQF,0.00219,7.1
HLA-C*01:02,1,794,802,9,IKDFGGFNF,IKDFGGFNF,IKDFGGFNF,0.002119,7.2
HLA-C*01:02,1,240,248,9,TLLALHRSY,TLLALHRSY,TLLALHRSY,0.002107,7.2
HLA-C*01:02,1,169,177,9,EYVSQPFLM,EYVSQPFLM,EYVSQPFLM,0.002102,7.2
HLA-C*01:02,1,519,527,9,HAPATVCGP,HAPATVCGP,HAPATVCGP,0.00209,7.2
HLA-C*01:02,1,789,797,9,YKTPPIKDF,YKTPPIKDF,YKTPPIKDF,0.002084,7.3
HLA-C*01:02,1,1025,1033,9,AATKMSECV,AATKMSECV,AATKMSECV,0.00208,7.3
HLA-C*01:02,1,487,495,9,NCYFPLQSY,NCYFPLQSY,NCYFPLQSY,0.002045,7.3
HLA-C*01:02,1,304,312,9,KSFTVEKGI,KSFTVEKGI,KSFTVEKGI,0.002024,7.3
HLA-C*01:02,1,196,204,9,NIDGYFKIY,NIDGYFKIY,NIDGYFKIY,0.001981,7.4
HLA-C*01:02,1,972,980,9,AISSVLNDI,AISSVLNDI,AISSVLNDI,0.001939,7.5
HLA-C*01:02,1,825,833,9,KVTLADAGF,KVTLADAGF,KVTLADAGF,0.001937,7.5
HLA-C*01:02,1,425,433,9,LPDDFTGCV,LPDDFTGCV,LPDDFTGCV,0.001912,7.5
HLA-C*01:02,1,1208,1216,9,QYIKWPWYI,QYIKWPWYI,QYIKWPWYI,0.001908,7.5
HLA-C*01:02,1,782,790,9,FAQVKQIYK,FAQVKQIYK,FAQVKQIYK,0.001829,7.7
HLA-C*01:02,1,711,719,9,SIAIPTNFT,SIAIPTNFT,SIAIPTNFT,0.001828,7.7
HLA-C*01:02,1,1070,1078,9,AQEKNFTTA,AQEKNFTTA,AQEKNFTTA,0.001826,7.7
HLA-C*01:02,1,477,485,9,STPCNGVEG,STPCNGVEG,STPCNGVEG,0.001822,7.7
HLA-C*01:02,1,853,861,9,QKFNGLTVL,QKFNGLTVL,QKFNGLTVL,0.001777,7.7
HLA-C*01:02,1,437,445,9,NSNNLDSKV,NSNNLDSKV,NSNNLDSKV,0.001768,7.8
HLA-C*01:02,1,195,203,9,KNIDGYFKI,KNIDGYFKI,KNIDGYFKI,0.001748,7.8
HLA-C*01:02,1,762,770,9,QLNRALTGI,QLNRALTGI,QLNRALTGI,0.001742,7.8
HLA-C*01:02,1,568,576,9,DIADTTDAV,DIADTTDAV,DIADTTDAV,0.001742,7.8
HLA-C*01:02,1,1010,1018,9,QQLIRAAEI,QQLIRAAEI,QQLIRAAEI,0.001731,7.8
HLA-C*01:02,1,111,119,9,DSKTQSLLI,DSKTQSLLI,DSKTQSLLI,0.001714,7.9
HLA-C*01:02,1,448,456,9,NYNYLYRLF,NYNYLYRLF,NYNYLYRLF,0.001683,7.9
HLA-C*01:02,1,300,308,9,KCTLKSFTV,KCTLKSFTV,KCTLKSFTV,0.001668,8.0
HLA-C*01:02,1,1133,1141,9,VNNTVYDPL,VNNTVYDPL,VNNTVYDPL,0.001648,8.0
HLA-C*01:02,1,988,996,9,EAEVQIDRL,EAEVQIDRL,EAEVQIDRL,0.001643,8.0
HLA-C*01:02,1,192,200,9,FVFKNIDGY,FVFKNIDGY,FVFKNIDGY,0.001643,8.0
HLA-C*01:02,1,728,736,9,PVSMTKTSV,PVSMTKTSV,PVSMTKTSV,0.001615,8.1
HLA-C*01:02,1,193,201,9,VFKNIDGYF,VFKNIDGYF,VFKNIDGYF,0.001596,8.1
HLA-C*01:02,1,475,483,9,AGSTPCNGV,AGSTPCNGV,AGSTPCNGV,0.001583,8.1
HLA-C*01:02,1,1136,1144,9,TVYDPLQPE,TVYDPLQPE,TVYDPLQPE,0.001561,8.2
HLA-C*01:02,1,403,411,9,RGDEVRQIA,RGDEVRQIA,RGDEVRQIA,0.001553,8.2
HLA-C*01:02,1,343,351,9,NATRFASVY,NATRFASVY,NATRFASVY,0.001547,8.2
HLA-C*01:02,1,57,65,9,PFFSNVTWF,PFFSNVTWF,PFFSNVTWF,0.001546,8.2
HLA-C*01:02,1,271,279,9,QPRTFLLKY,QPRTFLLKY,QPRTFLLKY,0.001512,8.3
HLA-C*01:02,1,292,300,9,ALDPLSETK,ALDPLSETK,ALDPLSETK,0.001506,8.3
HLA-C*01:02,1,1050,1058,9,MSFPQSAPH,MSFPQSAPH,MSFPQSAPH,0.001443,8.5
HLA-C*01:02,1,418,426,9,IADYNYKLP,IADYNYKLP,IADYNYKLP,0.001427,8.5
HLA-C*01:02,1,372,380,9,ASFSTFKCY,ASFSTFKCY,ASFSTFKCY,0.001425,8.5
HLA-C*01:02,1,569,577,9,IADTTDAVR,IADTTDAVR,IADTTDAVR,0.001381,8.6
HLA-C*01:02,1,1260,1268,9,DSEPVLKGV,DSEPVLKGV,DSEPVLKGV,0.001374,8.6
HLA-C*01:02,1,680,688,9,SPRRARSVA,SPRRARSVA,SPRRARSVA,0.001373,8.6
HLA-C*01:02,1,1219,1227,9,GFIAGLIAI,GFIAGLIAI,GFIAGLIAI,0.00137,8.6
HLA-C*01:02,1,751,759,9,NLLLQYGSF,NLLLQYGSF,NLLLQYGSF,0.001325,8.7
HLA-C*01:02,1,597,605,9,VITPGTNTS,VITPGTNTS,VITPGTNTS,0.001317,8.7
HLA-C*01:02,1,1107,1115,9,RNFYEPQII,RNFYEPQII,RNFYEPQII,0.001291,8.8
HLA-C*01:02,1,1019,1027,9,RASANLAAT,RASANLAAT,RASANLAAT,0.001283,8.8
HLA-C*01:02,1,110,118,9,LDSKTQSLL,LDSKTQSLL,LDSKTQSLL,0.001279,8.9
HLA-C*01:02,1,315,323,9,TSNFRVQPT,TSNFRVQPT,TSNFRVQPT,0.001237,9.0
HLA-C*01:02,1,184,192,9,GNFKNLREF,GNFKNLREF,GNFKNLREF,0.001237,9.0
HLA-C*01:02,1,462,470,9,KPFERDIST,KPFERDIST,KPFERDIST,0.001179,9.1
HLA-C*01:02,1,1007,1015,9,YVTQQLIRA,YVTQQLIRA,YVTQQLIRA,0.001169,9.2
HLA-C*01:02,1,249,257,9,LTPGDSSSG,LTPGDSSSG,LTPGDSSSG,0.001168,9.2
HLA-C*01:02,1,652,660,9,GAEHVNNSY,GAEHVNNSY,GAEHVNNSY,0.001157,9.2
HLA-C*01:02,1,686,694,9,SVASQSIIA,SVASQSIIA,SVASQSIIA,0.001149,9.2
HLA-C*01:02,1,575,583,9,AVRDPQTLE,AVRDPQTLE,AVRDPQTLE,0.001137,9.2
HLA-C*01:02,1,604,612,9,TSNQVAVLY,TSNQVAVLY,TSNQVAVLY,0.001128,9.3
HLA-C*01:02,1,278,286,9,KYNENGTIT,KYNENGTIT,KYNENGTIT,0.001119,9.3
HLA-C*01:02,1,228,236,9,DLPIGINIT,DLPIGINIT,DLPIGINIT,0.001116,9.3
HLA-C*01:02,1,868,876,9,EMIAQYTSA,EMIAQYTSA,EMIAQYTSA,0.001108,9.4
HLA-C*01:02,1,684,692,9,ARSVASQSI,ARSVASQSI,ARSVASQSI,0.001102,9.4
HLA-C*01:02,1,1264,1272,9,VLKGVKLHY,VLKGVKLHY,VLKGVKLHY,0.001069,9.5
HLA-C*01:02,1,693,701,9,IAYTMSLGA,IAYTMSLGA,IAYTMSLGA,0.001055,9.5
HLA-C*01:02,1,205,213,9,SKHTPINLV,SKHTPINLV,SKHTPINLV,0.00103,9.6
HLA-C*01:02,1,34,42,9,RGVYYPDKV,RGVYYPDKV,RGVYYPDKV,0.001029,9.6
HLA-C*01:02,1,38,46,9,YPDKVFRSS,YPDKVFRSS,YPDKVFRSS,0.001017,9.7
HLA-C*01:02,1,258,266,9,WTAGAAAYY,WTAGAAAYY,WTAGAAAYY,0.001002,9.7
HLA-C*01:02,1,806,814,9,LPDPSKPSK,LPDPSKPSK,LPDPSKPSK,0.001,9.8
HLA-C*01:02,1,421,429,9,YNYKLPDDF,YNYKLPDDF,YNYKLPDDF,0.000998,9.8
HLA-C*01:02,1,790,798,9,KTPPIKDFG,KTPPIKDFG,KTPPIKDFG,0.000986,9.8
HLA-C*01:02,1,944,952,9,ALGKLQDVV,ALGKLQDVV,ALGKLQDVV,0.000976,9.9
HLA-C*01:02,1,666,674,9,IGAGICASY,IGAGICASY,IGAGICASY,0.000974,9.9
HLA-C*01:02,1,1154,1162,9,KYFKNHTSP,KYFKNHTSP,KYFKNHTSP,0.000945,10
HLA-C*01:02,1,298,306,9,ETKCTLKSF,ETKCTLKSF,ETKCTLKSF,0.000939,10
HLA-C*01:02,1,320,328,9,VQPTESIVR,VQPTESIVR,VQPTESIVR,0.000933,10
HLA-C*01:02,1,598,606,9,ITPGTNTSN,ITPGTNTSN,ITPGTNTSN,0.000931,10
HLA-C*01:02,1,979,987,9,DILSRLDKV,DILSRLDKV,DILSRLDKV,0.000914,11
HLA-C*01:02,1,21,29,9,RTQLPPAYT,RTQLPPAYT,RTQLPPAYT,0.000903,11
HLA-C*01:02,1,40,48,9,DKVFRSSVL,DKVFRSSVL,DKVFRSSVL,0.000902,11
HLA-C*01:02,1,1120,1128,9,TFVSGNCDV,TFVSGNCDV,TFVSGNCDV,0.000875,11
HLA-C*01:02,1,933,941,9,KIQDSLSST,KIQDSLSST,KIQDSLSST,0.000863,11
HLA-C*01:02,1,306,314,9,FTVEKGIYQ,FTVEKGIYQ,FTVEKGIYQ,0.000857,11
HLA-C*01:02,1,1147,1155,9,SFKEELDKY,SFKEELDKY,SFKEELDKY,0.000842,11
HLA-C*01:02,1,1039,1047,9,RVDFCGKGY,RVDFCGKGY,RVDFCGKGY,0.000837,11
HLA-C*01:02,1,561,569,9,PFQQFGRDI,PFQQFGRDI,PFQQFGRDI,0.000835,11
HLA-C*01:02,1,730,738,9,SMTKTSVDC,SMTKTSVDC,SMTKTSVDC,0.000826,11
HLA-C*01:02,1,1202,1210,9,ELGKYEQYI,ELGKYEQYI,ELGKYEQYI,0.000811,11
HLA-C*01:02,1,543,551,9,FNGLTGTGV,FNGLTGTGV,FNGLTGTGV,0.000808,11
HLA-C*01:02,1,143,151,9,VYYHKNNKS,VYYHKNNKS,VYYHKNNKS,0.000804,11
HLA-C*01:02,1,530,538,9,STNLVKNKC,STNLVKNKC,STNLVKNKC,0.0008,11
HLA-C*01:02,1,1122,1130,9,VSGNCDVVI,VSGNCDVVI,VSGNCDVVI,0.000795,11
HLA-C*01:02,1,1209,1217,9,YIKWPWYIW,YIKWPWYIW,YIKWPWYIW,0.000782,11
HLA-C*01:02,1,351,359,9,YAWNRKRIS,YAWNRKRIS,YAWNRKRIS,0.000772,11
HLA-C*01:02,1,3,11,9,VFLVLLPLV,VFLVLLPLV,VFLVLLPLV,0.000765,11
HLA-C*01:02,1,826,834,9,VTLADAGFI,VTLADAGFI,VTLADAGFI,0.000755,11
HLA-C*01:02,1,250,258,9,TPGDSSSGW,TPGDSSSGW,TPGDSSSGW,0.000753,11
HLA-C*01:02,1,97,105,9,KSNIIRGWI,KSNIIRGWI,KSNIIRGWI,0.000752,11
HLA-C*01:02,1,76,84,9,TKRFDNPVL,TKRFDNPVL,TKRFDNPVL,0.000739,11
HLA-C*01:02,1,1016,1024,9,AEIRASANL,AEIRASANL,AEIRASANL,0.000735,11
HLA-C*01:02,1,1108,1116,9,NFYEPQIIT,NFYEPQIIT,NFYEPQIIT,0.000717,12
HLA-C*01:02,1,361,369,9,CVADYSVLY,CVADYSVLY,CVADYSVLY,0.000708,12
HLA-C*01:02,1,178,186,9,DLEGKQGNF,DLEGKQGNF,DLEGKQGNF,0.000707,12
HLA-C*01:02,1,291,299,9,CALDPLSET,CALDPLSET,CALDPLSET,0.000701,12
HLA-C*01:02,1,1032,1040,9,CVLGQSKRV,CVLGQSKRV,CVLGQSKRV,0.0007,12
HLA-C*01:02,1,458,466,9,KSNLKPFER,KSNLKPFER,KSNLKPFER,0.000696,12
HLA-C*01:02,1,402,410,9,IRGDEVRQI,IRGDEVRQI,IRGDEVRQI,0.000696,12
HLA-C*01:02,1,41,49,9,KVFRSSVLH,KVFRSSVLH,KVFRSSVLH,0.000689,12
HLA-C*01:02,1,482,490,9,GVEGFNCYF,GVEGFNCYF,GVEGFNCYF,0.000682,12
HLA-C*01:02,1,764,772,9,NRALTGIAV,NRALTGIAV,NRALTGIAV,0.000654,12
HLA-C*01:02,1,1065,1073,9,VTYVPAQEK,VTYVPAQEK,VTYVPAQEK,0.000647,12
HLA-C*01:02,1,871,879,9,AQYTSALLA,AQYTSALLA,AQYTSALLA,0.000647,12
HLA-C*01:02,1,8,16,9,LPLVSSQCV,LPLVSSQCV,LPLVSSQCV,0.000644,12
HLA-C*01:02,1,909,917,9,IGVTQNVLY,IGVTQNVLY,IGVTQNVLY,0.000636,12
HLA-C*01:02,1,387,395,9,LNDLCFTNV,LNDLCFTNV,LNDLCFTNV,0.000633,12
HLA-C*01:02,1,981,989,9,LSRLDKVEA,LSRLDKVEA,LSRLDKVEA,0.000631,12
HLA-C*01:02,1,627,635,9,DQLTPTWRV,DQLTPTWRV,DQLTPTWRV,0.000631,12
HLA-C*01:02,1,878,886,9,LAGTITSGW,LAGTITSGW,LAGTITSGW,0.000629,12
HLA-C*01:02,1,456,464,9,FRKSNLKPF,FRKSNLKPF,FRKSNLKPF,0.000629,12
HLA-C*01:02,1,1062,1070,9,FLHVTYVPA,FLHVTYVPA,FLHVTYVPA,0.000626,12
HLA-C*01:02,1,1075,1083,9,FTTAPAICH,FTTAPAICH,FTTAPAICH,0.000621,12
HLA-C*01:02,1,607,615,9,QVAVLYQDV,QVAVLYQDV,QVAVLYQDV,0.000613,12
HLA-C*01:02,1,185,193,9,NFKNLREFV,NFKNLREFV,NFKNLREFV,0.000613,12
HLA-C*01:02,1,344,352,9,ATRFASVYA,ATRFASVYA,ATRFASVYA,0.000602,12
HLA-C*01:02,1,929,937,9,SAIGKIQDS,SAIGKIQDS,SAIGKIQDS,0.000601,12
HLA-C*01:02,1,395,403,9,VYADSFVIR,VYADSFVIR,VYADSFVIR,0.000599,12
HLA-C*01:02,1,630,638,9,TPTWRVYST,TPTWRVYST,TPTWRVYST,0.000598,12
HLA-C*01:02,1,818,826,9,IEDLLFNKV,IEDLLFNKV,IEDLLFNKV,0.000592,12
HLA-C*01:02,1,1151,1159,9,ELDKYFKNH,ELDKYFKNH,ELDKYFKNH,0.000584,12
HLA-C*01:02,1,137,145,9,NDPFLGVYY,NDPFLGVYY,NDPFLGVYY,0.000579,12
HLA-C*01:02,1,673,681,9,SYQTQTNSP,SYQTQTNSP,SYQTQTNSP,0.000578,12
HLA-C*01:02,1,1140,1148,9,PLQPELDSF,PLQPELDSF,PLQPELDSF,0.000576,13
HLA-C*01:02,1,98,106,9,SNIIRGWIF,SNIIRGWIF,SNIIRGWIF,0.000576,13
HLA-C*01:02,1,663,671,9,DIPIGAGIC,DIPIGAGIC,DIPIGAGIC,0.000557,13
HLA-C*01:02,1,484,492,9,EGFNCYFPL,EGFNCYFPL,EGFNCYFPL,0.000557,13
HLA-C*01:02,1,813,821,9,SKRSFIEDL,SKRSFIEDL,SKRSFIEDL,0.000555,13
HLA-C*01:02,1,270,278,9,LQPRTFLLK,LQPRTFLLK,LQPRTFLLK,0.000526,13
HLA-C*01:02,1,227,235,9,VDLPIGINI,VDLPIGINI,VDLPIGINI,0.000524,13
HLA-C*01:02,1,502,510,9,GVGYQPYRV,GVGYQPYRV,GVGYQPYRV,0.000505,13
HLA-C*01:02,1,651,659,9,IGAEHVNNS,IGAEHVNNS,IGAEHVNNS,0.000503,13
HLA-C*01:02,1,698,706,9,SLGAENSVA,SLGAENSVA,SLGAENSVA,0.000494,13
HLA-C*01:02,1,559,567,9,FLPFQQFGR,FLPFQQFGR,FLPFQQFGR,0.000488,13
HLA-C*01:02,1,948,956,9,LQDVVNQNA,LQDVVNQNA,LQDVVNQNA,0.000483,13
HLA-C*01:02,1,235,243,9,ITRFQTLLA,ITRFQTLLA,ITRFQTLLA,0.000473,14
HLA-C*01:02,1,59,67,9,FSNVTWFHA,FSNVTWFHA,FSNVTWFHA,0.000472,14
HLA-C*01:02,1,265,273,9,YYVGYLQPR,YYVGYLQPR,YYVGYLQPR,0.000464,14
HLA-C*01:02,1,19,27,9,TTRTQLPPA,TTRTQLPPA,TTRTQLPPA,0.000456,14
HLA-C*01:02,1,858,866,9,LTVLPPLLT,LTVLPPLLT,LTVLPPLLT,0.000453,14
HLA-C*01:02,1,1115,1123,9,ITTDNTFVS,ITTDNTFVS,ITTDNTFVS,0.00045,14
HLA-C*01:02,1,741,749,9,YICGDSTEC,YICGDSTEC,YICGDSTEC,0.00045,14
HLA-C*01:02,1,481,489,9,NGVEGFNCY,NGVEGFNCY,NGVEGFNCY,0.000447,14
HLA-C*01:02,1,186,194,9,FKNLREFVF,FKNLREFVF,FKNLREFVF,0.000446,14
HLA-C*01:02,1,127,135,9,VIKVCEFQF,VIKVCEFQF,VIKVCEFQF,0.000443,14
HLA-C*01:02,1,1227,1235,9,IVMVTIMLC,IVMVTIMLC,IVMVTIMLC,0.000439,14
HLA-C*01:02,1,1089,1097,9,FPREGVFVS,FPREGVFVS,FPREGVFVS,0.000438,14
HLA-C*01:02,1,1128,1136,9,VVIGIVNNT,VVIGIVNNT,VVIGIVNNT,0.000435,14
HLA-C*01:02,1,36,44,9,VYYPDKVFR,VYYPDKVFR,VYYPDKVFR,0.000435,14
HLA-C*01:02,1,75,83,9,GTKRFDNPV,GTKRFDNPV,GTKRFDNPV,0.000434,14
HLA-C*01:02,1,123,131,9,ATNVVIKVC,ATNVVIKVC,ATNVVIKVC,0.00043,14
HLA-C*01:02,1,1222,1230,9,AGLIAIVMV,AGLIAIVMV,AGLIAIVMV,0.000427,14
HLA-C*01:02,1,1148,1156,9,FKEELDKYF,FKEELDKYF,FKEELDKYF,0.000425,14
HLA-C*01:02,1,622,630,9,VAIHADQLT,VAIHADQLT,VAIHADQLT,0.000424,14
HLA-C*01:02,1,641,649,9,NVFQTRAGC,NVFQTRAGC,NVFQTRAGC,0.000419,14
HLA-C*01:02,1,1102,1110,9,WFVTQRNFY,WFVTQRNFY,WFVTQRNFY,0.000414,14
HLA-C*01:02,1,975,983,9,SVLNDILSR,SVLNDILSR,SVLNDILSR,0.000401,14
HLA-C*01:02,1,1125,1133,9,NCDVVIGIV,NCDVVIGIV,NCDVVIGIV,0.000397,14
HLA-C*01:02,1,1212,1220,9,WPWYIWLGF,WPWYIWLGF,WPWYIWLGF,0.000387,15
HLA-C*01:02,1,514,522,9,SFELLHAPA,SFELLHAPA,SFELLHAPA,0.000386,15
HLA-C*01:02,1,256,264,9,SGWTAGAAA,SGWTAGAAA,SGWTAGAAA,0.000386,15
HLA-C*01:02,1,1166,1174,9,LGDISGINA,LGDISGINA,LGDISGINA,0.000385,15
HLA-C*01:02,1,688,696,9,ASQSIIAYT,ASQSIIAYT,ASQSIIAYT,0.000375,15
HLA-C*01:02,1,247,255,9,SYLTPGDSS,SYLTPGDSS,SYLTPGDSS,0.000374,15
HLA-C*01:02,1,676,684,9,TQTNSPRRA,TQTNSPRRA,TQTNSPRRA,0.000348,15
HLA-C*01:02,1,1074,1082,9,NFTTAPAIC,NFTTAPAIC,NFTTAPAIC,0.000347,15
HLA-C*01:02,1,512,520,9,VLSFELLHA,VLSFELLHA,VLSFELLHA,0.000346,15
HLA-C*01:02,1,159,167,9,VYSSANNCT,VYSSANNCT,VYSSANNCT,0.000343,15
HLA-C*01:02,1,610,618,9,VLYQDVNCT,VLYQDVNCT,VLYQDVNCT,0.000339,15
HLA-C*01:02,1,1049,1057,9,LMSFPQSAP,LMSFPQSAP,LMSFPQSAP,0.000338,15
HLA-C*01:02,1,1116,1124,9,TTDNTFVSG,TTDNTFVSG,TTDNTFVSG,0.000332,15
HLA-C*01:02,1,302,310,9,TLKSFTVEK,TLKSFTVEK,TLKSFTVEK,0.000329,15
HLA-C*01:02,1,396,404,9,YADSFVIRG,YADSFVIRG,YADSFVIRG,0.000326,15
HLA-C*01:02,1,340,348,9,EVFNATRFA,EVFNATRFA,EVFNATRFA,0.000326,15
HLA-C*01:02,1,136,144,9,CNDPFLGVY,CNDPFLGVY,CNDPFLGVY,0.000322,16
HLA-C*01:02,1,254,262,9,SSSGWTAGA,SSSGWTAGA,SSSGWTAGA,0.000316,16
HLA-C*01:02,1,875,883,9,SALLAGTIT,SALLAGTIT,SALLAGTIT,0.000315,16
HLA-C*01:02,1,468,476,9,ISTEIYQAG,ISTEIYQAG,ISTEIYQAG,0.000314,16
HLA-C*01:02,1,1156,1164,9,FKNHTSPDV,FKNHTSPDV,FKNHTSPDV,0.000313,16
HLA-C*01:02,1,223,231,9,LEPLVDLPI,LEPLVDLPI,LEPLVDLPI,0.000309,16
HLA-C*01:02,1,255,263,9,SSGWTAGAA,SSGWTAGAA,SSGWTAGAA,0.000306,16
HLA-C*01:02,1,601,609,9,GTNTSNQVA,GTNTSNQVA,GTNTSNQVA,0.000301,16
HLA-C*01:02,1,936,944,9,DSLSSTASA,DSLSSTASA,DSLSSTASA,0.0003,16
HLA-C*01:02,1,451,459,9,YLYRLFRKS,YLYRLFRKS,YLYRLFRKS,0.000298,16
HLA-C*01:02,1,565,573,9,FGRDIADTT,FGRDIADTT,FGRDIADTT,0.000297,16
HLA-C*01:02,1,225,233,9,PLVDLPIGI,PLVDLPIGI,PLVDLPIGI,0.000291,16
HLA-C*01:02,1,408,416,9,RQIAPGQTG,RQIAPGQTG,RQIAPGQTG,0.000287,16
HLA-C*01:02,1,891,899,9,GAALQIPFA,GAALQIPFA,GAALQIPFA,0.000279,16
HLA-C*01:02,1,277,285,9,LKYNENGTI,LKYNENGTI,LKYNENGTI,0.000279,16
HLA-C*01:02,1,637,645,9,STGSNVFQT,STGSNVFQT,STGSNVFQT,0.000275,16
HLA-C*01:02,1,1210,1218,9,IKWPWYIWL,IKWPWYIWL,IKWPWYIWL,0.000274,16
HLA-C*01:02,1,313,321,9,YQTSNFRVQ,YQTSNFRVQ,YQTSNFRVQ,0.000272,16
HLA-C*01:02,1,365,373,9,YSVLYNSAS,YSVLYNSAS,YSVLYNSAS,0.00027,16
HLA-C*01:02,1,638,646,9,TGSNVFQTR,TGSNVFQTR,TGSNVFQTR,0.000268,17
HLA-C*01:02,1,115,123,9,QSLLIVNNA,QSLLIVNNA,QSLLIVNNA,0.000267,17
HLA-C*01:02,1,993,1001,9,IDRLITGRL,IDRLITGRL,IDRLITGRL,0.000263,17
HLA-C*01:02,1,370,378,9,NSASFSTFK,NSASFSTFK,NSASFSTFK,0.000262,17
HLA-C*01:02,1,368,376,9,LYNSASFST,LYNSASFST,LYNSASFST,0.000262,17
HLA-C*01:02,1,1229,1237,9,MVTIMLCCM,MVTIMLCCM,MVTIMLCCM,0.00026,17
HLA-C*01:02,1,58,66,9,FFSNVTWFH,FFSNVTWFH,FFSNVTWFH,0.000258,17
HLA-C*01:02,1,589,597,9,PCSFGGVSV,PCSFGGVSV,PCSFGGVSV,0.000256,17
HLA-C*01:02,1,828,836,9,LADAGFIKQ,LADAGFIKQ,LADAGFIKQ,0.000254,17
HLA-C*01:02,1,261,269,9,GAAAYYVGY,GAAAYYVGY,GAAAYYVGY,0.000254,17
HLA-C*01:02,1,207,215,9,HTPINLVRD,HTPINLVRD,HTPINLVRD,0.000253,17
HLA-C*01:02,1,409,417,9,QIAPGQTGK,QIAPGQTGK,QIAPGQTGK,0.000251,17
HLA-C*01:02,1,6,14,9,VLLPLVSSQ,VLLPLVSSQ,VLLPLVSSQ,0.000251,17
HLA-C*01:02,1,1053,1061,9,PQSAPHGVV,PQSAPHGVV,PQSAPHGVV,0.000248,17
HLA-C*01:02,1,873,881,9,YTSALLAGT,YTSALLAGT,YTSALLAGT,0.000247,17
HLA-C*01:02,1,1182,1190,9,EIDRLNEVA,EIDRLNEVA,EIDRLNEVA,0.000244,17
HLA-C*01:02,1,770,778,9,IAVEQDKNT,IAVEQDKNT,IAVEQDKNT,0.000244,17
HLA-C*01:02,1,844,852,9,IAARDLICA,IAARDLICA,IAARDLICA,0.000242,17
HLA-C*01:02,1,200,208,9,YFKIYSKHT,YFKIYSKHT,YFKIYSKHT,0.000233,17
HLA-C*01:02,1,20,28,9,TRTQLPPAY,TRTQLPPAY,TRTQLPPAY,0.000233,17
HLA-C*01:02,1,513,521,9,LSFELLHAP,LSFELLHAP,LSFELLHAP,0.000231,17
HLA-C*01:02,1,242,250,9,LALHRSYLT,LALHRSYLT,LALHRSYLT,0.000231,17
HLA-C*01:02,1,677,685,9,QTNSPRRAR,QTNSPRRAR,QTNSPRRAR,0.00023,17
HLA-C*01:02,1,219,227,9,GFSALEPLV,GFSALEPLV,GFSALEPLV,0.00023,17
HLA-C*01:02,1,752,760,9,LLLQYGSFC,LLLQYGSFC,LLLQYGSFC,0.000229,17
HLA-C*01:02,1,307,315,9,TVEKGIYQT,TVEKGIYQT,TVEKGIYQT,0.000228,17
HLA-C*01:02,1,722,730,9,VTTEILPVS,VTTEILPVS,VTTEILPVS,0.000221,18
HLA-C*01:02,1,845,853,9,AARDLICAQ,AARDLICAQ,AARDLICAQ,0.000219,18
HLA-C*01:02,1,1161,1169,9,SPDVDLGDI,SPDVDLGDI,SPDVDLGDI,0.000218,18
HLA-C*01:02,1,1077,1085,9,TAPAICHDG,TAPAICHDG,TAPAICHDG,0.000218,18
HLA-C*01:02,1,507,515,9,PYRVVVLSF,PYRVVVLSF,PYRVVVLSF,0.000213,18
HLA-C*01:02,1,108,116,9,TTLDSKTQS,TTLDSKTQS,TTLDSKTQS,0.000213,18
HLA-C*01:02,1,683,691,9,RARSVASQS,RARSVASQS,RARSVASQS,0.00021,18
HLA-C*01:02,1,181,189,9,GKQGNFKNL,GKQGNFKNL,GKQGNFKNL,0.00021,18
HLA-C*01:02,1,672,680,9,ASYQTQTNS,ASYQTQTNS,ASYQTQTNS,0.000208,18
HLA-C*01:02,1,266,274,9,YVGYLQPRT,YVGYLQPRT,YVGYLQPRT,0.000208,18
HLA-C*01:02,1,716,724,9,TNFTISVTT,TNFTISVTT,TNFTISVTT,0.000207,18
HLA-C*01:02,1,967,975,9,SSNFGAISS,SSNFGAISS,SSNFGAISS,0.000204,18
HLA-C*01:02,1,531,539,9,TNLVKNKCV,TNLVKNKCV,TNLVKNKCV,0.000203,18
HLA-C*01:02,1,445,453,9,VGGNYNYLY,VGGNYNYLY,VGGNYNYLY,0.000203,18
HLA-C*01:02,1,523,531,9,TVCGPKKST,TVCGPKKST,TVCGPKKST,0.000202,18
HLA-C*01:02,1,338,346,9,FGEVFNATR,FGEVFNATR,FGEVFNATR,0.0002,18
HLA-C*01:02,1,882,890,9,ITSGWTFGA,ITSGWTFGA,ITSGWTFGA,0.000198,18
HLA-C*01:02,1,916,924,9,LYENQKLIA,LYENQKLIA,LYENQKLIA,0.000195,18
HLA-C*01:02,1,1017,1025,9,EIRASANLA,EIRASANLA,EIRASANLA,0.000192,18
HLA-C*01:02,1,639,647,9,GSNVFQTRA,GSNVFQTRA,GSNVFQTRA,0.00019,19
HLA-C*01:02,1,733,741,9,KTSVDCTMY,KTSVDCTMY,KTSVDCTMY,0.000188,19
HLA-C*01:02,1,305,313,9,SFTVEKGIY,SFTVEKGIY,SFTVEKGIY,0.000188,19
HLA-C*01:02,1,998,1006,9,TGRLQSLQT,TGRLQSLQT,TGRLQSLQT,0.000185,19
HLA-C*01:02,1,707,715,9,YSNNSIAIP,YSNNSIAIP,YSNNSIAIP,0.000185,19
HLA-C*01:02,1,1141,1149,9,LQPELDSFK,LQPELDSFK,LQPELDSFK,0.000182,19
HLA-C*01:02,1,636,644,9,YSTGSNVFQ,YSTGSNVFQ,YSTGSNVFQ,0.00018,19
HLA-C*01:02,1,367,375,9,VLYNSASFS,VLYNSASFS,VLYNSASFS,0.00018,19
HLA-C*01:02,1,735,743,9,SVDCTMYIC,SVDCTMYIC,SVDCTMYIC,0.000177,19
HLA-C*01:02,1,1236,1244,9,CMTSCCSCL,CMTSCCSCL,CMTSCCSCL,0.000176,19
HLA-C*01:02,1,725,733,9,EILPVSMTK,EILPVSMTK,EILPVSMTK,0.000176,19
HLA-C*01:02,1,664,672,9,IPIGAGICA,IPIGAGICA,IPIGAGICA,0.000176,19
HLA-C*01:02,1,142,150,9,GVYYHKNNK,GVYYHKNNK,GVYYHKNNK,0.000176,19
HLA-C*01:02,1,562,570,9,FQQFGRDIA,FQQFGRDIA,FQQFGRDIA,0.000175,19
HLA-C*01:02,1,1103,1111,9,FVTQRNFYE,FVTQRNFYE,FVTQRNFYE,0.000174,19
HLA-C*01:02,1,1059,1067,9,GVVFLHVTY,GVVFLHVTY,GVVFLHVTY,0.000174,19
HLA-C*01:02,1,478,486,9,TPCNGVEGF,TPCNGVEGF,TPCNGVEGF,0.000173,19
HLA-C*01:02,1,325,333,9,SIVRFPNIT,SIVRFPNIT,SIVRFPNIT,0.000173,19
HLA-C*01:02,1,1056,1064,9,APHGVVFLH,APHGVVFLH,APHGVVFLH,0.000168,19
HLA-C*01:02,1,471,479,9,EIYQAGSTP,EIYQAGSTP,EIYQAGSTP,0.000168,19
HLA-C*01:02,1,1104,1112,9,VTQRNFYEP,VTQRNFYEP,VTQRNFYEP,0.000165,19
HLA-C*01:02,1,991,999,9,VQIDRLITG,VQIDRLITG,VQIDRLITG,0.000165,19
HLA-C*01:02,1,393,401,9,TNVYADSFV,TNVYADSFV,TNVYADSFV,0.000161,20
HLA-C*01:02,1,349,357,9,SVYAWNRKR,SVYAWNRKR,SVYAWNRKR,0.000161,20
HLA-C*01:02,1,166,174,9,CTFEYVSQP,CTFEYVSQP,CTFEYVSQP,0.000159,20
HLA-C*01:02,1,42,50,9,VFRSSVLHS,VFRSSVLHS,VFRSSVLHS,0.000159,20
HLA-C*01:02,1,230,238,9,PIGINITRF,PIGINITRF,PIGINITRF,0.000156,20
HLA-C*01:02,1,859,867,9,TVLPPLLTD,TVLPPLLTD,TVLPPLLTD,0.000155,20
HLA-C*01:02,1,1248,1256,9,CSCGSCCKF,CSCGSCCKF,CSCGSCCKF,0.000152,20
HLA-C*01:02,1,44,52,9,RSSVLHSTQ,RSSVLHSTQ,RSSVLHSTQ,0.000147,20
HLA-C*01:02,1,70,78,9,VSGTNGTKR,VSGTNGTKR,VSGTNGTKR,0.000144,20
HLA-C*01:02,1,333,341,9,TNLCPFGEV,TNLCPFGEV,TNLCPFGEV,0.00014,21
HLA-C*01:02,1,1058,1066,9,HGVVFLHVT,HGVVFLHVT,HGVVFLHVT,0.000138,21
HLA-C*01:02,1,454,462,9,RLFRKSNLK,RLFRKSNLK,RLFRKSNLK,0.000138,21
HLA-C*01:02,1,116,124,9,SLLIVNNAT,SLLIVNNAT,SLLIVNNAT,0.000136,21
HLA-C*01:02,1,1044,1052,9,GKGYHLMSF,GKGYHLMSF,GKGYHLMSF,0.000135,21
HLA-C*01:02,1,411,419,9,APGQTGKIA,APGQTGKIA,APGQTGKIA,0.000132,21
HLA-C*01:02,1,43,51,9,FRSSVLHST,FRSSVLHST,FRSSVLHST,0.000129,21
HLA-C*01:02,1,876,884,9,ALLAGTITS,ALLAGTITS,ALLAGTITS,0.000128,21
HLA-C*01:02,1,729,737,9,VSMTKTSVD,VSMTKTSVD,VSMTKTSVD,0.000128,21
HLA-C*01:02,1,591,599,9,SFGGVSVIT,SFGGVSVIT,SFGGVSVIT,0.000128,21
HLA-C*01:02,1,1020,1028,9,ASANLAATK,ASANLAATK,ASANLAATK,0.000127,21
HLA-C*01:02,1,112,120,9,SKTQSLLIV,SKTQSLLIV,SKTQSLLIV,0.000126,21
HLA-C*01:02,1,89,97,9,GVYFASTEK,GVYFASTEK,GVYFASTEK,0.000125,21
HLA-C*01:02,1,163,171,9,ANNCTFEYV,ANNCTFEYV,ANNCTFEYV,0.000124,21
HLA-C*01:02,1,82,90,9,PVLPFNDGV,PVLPFNDGV,PVLPFNDGV,0.000124,21
HLA-C*01:02,1,814,822,9,KRSFIEDLL,KRSFIEDLL,KRSFIEDLL,0.000123,22
HLA-C*01:02,1,811,819,9,KPSKRSFIE,KPSKRSFIE,KPSKRSFIE,0.000123,22
HLA-C*01:02,1,1255,1263,9,KFDEDDSEP,KFDEDDSEP,KFDEDDSEP,0.000122,22
HLA-C*01:02,1,1012,1020,9,LIRAAEIRA,LIRAAEIRA,LIRAAEIRA,0.000122,22
HLA-C*01:02,1,29,37,9,TNSFTRGVY,TNSFTRGVY,TNSFTRGVY,0.000122,22
HLA-C*01:02,1,1106,1114,9,QRNFYEPQI,QRNFYEPQI,QRNFYEPQI,0.00012,22
HLA-C*01:02,1,614,622,9,DVNCTEVPV,DVNCTEVPV,DVNCTEVPV,0.000119,22
HLA-C*01:02,1,243,251,9,ALHRSYLTP,ALHRSYLTP,ALHRSYLTP,0.000119,22
HLA-C*01:02,1,284,292,9,TITDAVDCA,TITDAVDCA,TITDAVDCA,0.000118,22
HLA-C*01:02,1,670,678,9,ICASYQTQT,ICASYQTQT,ICASYQTQT,0.000117,22
HLA-C*01:02,1,648,656,9,GCLIGAEHV,GCLIGAEHV,GCLIGAEHV,0.000116,22
HLA-C*01:02,1,11,19,9,VSSQCVNLT,VSSQCVNLT,VSSQCVNLT,0.000116,22
HLA-C*01:02,1,5,13,9,LVLLPLVSS,LVLLPLVSS,LVLLPLVSS,0.000116,22
HLA-C*01:02,1,960,968,9,NTLVKQLSS,NTLVKQLSS,NTLVKQLSS,0.000114,22
HLA-C*01:02,1,345,353,9,TRFASVYAW,TRFASVYAW,TRFASVYAW,0.000114,22
HLA-C*01:02,1,995,1003,9,RLITGRLQS,RLITGRLQS,RLITGRLQS,0.000111,22
HLA-C*01:02,1,732,740,9,TKTSVDCTM,TKTSVDCTM,TKTSVDCTM,0.000111,22
HLA-C*01:02,1,400,408,9,FVIRGDEVR,FVIRGDEVR,FVIRGDEVR,0.000111,22
HLA-C*01:02,1,339,347,9,GEVFNATRF,GEVFNATRF,GEVFNATRF,0.00011,22
HLA-C*01:02,1,739,747,9,TMYICGDST,TMYICGDST,TMYICGDST,0.000109,22
HLA-C*01:02,1,189,197,9,LREFVFKNI,LREFVFKNI,LREFVFKNI,0.000109,22
HLA-C*01:02,1,1190,1198,9,AKNLNESLI,AKNLNESLI,AKNLNESLI,0.000108,22
HLA-C*01:02,1,492,500,9,LQSYGFQPT,LQSYGFQPT,LQSYGFQPT,0.000108,22
HLA-C*01:02,1,758,766,9,SFCTQLNRA,SFCTQLNRA,SFCTQLNRA,0.000107,23
HLA-C*01:02,1,511,519,9,VVLSFELLH,VVLSFELLH,VVLSFELLH,0.000104,23
HLA-C*01:02,1,341,349,9,VFNATRFAS,VFNATRFAS,VFNATRFAS,0.000104,23
HLA-C*01:02,1,354,362,9,NRKRISNCV,NRKRISNCV,NRKRISNCV,0.000103,23
HLA-C*01:02,1,765,773,9,RALTGIAVE,RALTGIAVE,RALTGIAVE,0.000102,23
HLA-C*01:02,1,905,913,9,RFNGIGVTQ,RFNGIGVTQ,RFNGIGVTQ,0.000101,23
HLA-C*01:02,1,359,367,9,SNCVADYSV,SNCVADYSV,SNCVADYSV,0.000101,23
HLA-C*01:02,1,600,608,9,PGTNTSNQV,PGTNTSNQV,PGTNTSNQV,9.8e-05,23
HLA-C*01:02,1,803,811,9,SQILPDPSK,SQILPDPSK,SQILPDPSK,9.7e-05,23
HLA-C*01:02,1,257,265,9,GWTAGAAAY,GWTAGAAAY,GWTAGAAAY,9.6e-05,23
HLA-C*01:02,1,149,157,9,NKSWMESEF,NKSWMESEF,NKSWMESEF,9.6e-05,23
HLA-C*01:02,1,1068,1076,9,VPAQEKNFT,VPAQEKNFT,VPAQEKNFT,9.5e-05,23
HLA-C*01:02,1,264,272,9,AYYVGYLQP,AYYVGYLQP,AYYVGYLQP,9.5e-05,23
HLA-C*01:02,1,956,964,9,AQALNTLVK,AQALNTLVK,AQALNTLVK,9.3e-05,24
HLA-C*01:02,1,792,800,9,PPIKDFGGF,PPIKDFGGF,PPIKDFGGF,9.3e-05,24
HLA-C*01:02,1,63,71,9,TWFHAIHVS,TWFHAIHVS,TWFHAIHVS,9.3e-05,24
HLA-C*01:02,1,364,372,9,DYSVLYNSA,DYSVLYNSA,DYSVLYNSA,9.2e-05,24
HLA-C*01:02,1,77,85,9,KRFDNPVLP,KRFDNPVLP,KRFDNPVLP,9.2e-05,24
HLA-C*01:02,1,1003,1011,9,SLQTYVTQQ,SLQTYVTQQ,SLQTYVTQQ,9.1e-05,24
HLA-C*01:02,1,206,214,9,KHTPINLVR,KHTPINLVR,KHTPINLVR,9.1e-05,24
HLA-C*01:02,1,94,102,9,STEKSNIIR,STEKSNIIR,STEKSNIIR,9.1e-05,24
HLA-C*01:02,1,4,12,9,FLVLLPLVS,FLVLLPLVS,FLVLLPLVS,9e-05,24
HLA-C*01:02,1,843,851,9,DIAARDLIC,DIAARDLIC,DIAARDLIC,8.9e-05,24
HLA-C*01:02,1,12,20,9,SSQCVNLTT,SSQCVNLTT,SSQCVNLTT,8.9e-05,24
HLA-C*01:02,1,1069,1077,9,PAQEKNFTT,PAQEKNFTT,PAQEKNFTT,8.8e-05,24
HLA-C*01:02,1,678,686,9,TNSPRRARS,TNSPRRARS,TNSPRRARS,8.8e-05,24
HLA-C*01:02,1,415,423,9,TGKIADYNY,TGKIADYNY,TGKIADYNY,8.8e-05,24
HLA-C*01:02,1,347,355,9,FASVYAWNR,FASVYAWNR,FASVYAWNR,8.8e-05,24
HLA-C*01:02,1,884,892,9,SGWTFGAGA,SGWTFGAGA,SGWTFGAGA,8.6e-05,24
HLA-C*01:02,1,837,845,9,YGDCLGDIA,YGDCLGDIA,YGDCLGDIA,8.6e-05,24
HLA-C*01:02,1,90,98,9,VYFASTEKS,VYFASTEKS,VYFASTEKS,8.6e-05,24
HLA-C*01:02,1,65,73,9,FHAIHVSGT,FHAIHVSGT,FHAIHVSGT,8.6e-05,24
HLA-C*01:02,1,836,844,9,QYGDCLGDI,QYGDCLGDI,QYGDCLGDI,8.5e-05,24
HLA-C*01:02,1,656,664,9,VNNSYECDI,VNNSYECDI,VNNSYECDI,8.5e-05,24
HLA-C*01:02,1,317,325,9,NFRVQPTES,NFRVQPTES,NFRVQPTES,8.5e-05,24
HLA-C*01:02,1,1018,1026,9,IRASANLAA,IRASANLAA,IRASANLAA,8.4e-05,24
HLA-C*01:02,1,26,34,9,PAYTNSFTR,PAYTNSFTR,PAYTNSFTR,8.4e-05,24
HLA-C*01:02,1,784,792,9,QVKQIYKTP,QVKQIYKTP,QVKQIYKTP,8.3e-05,24
HLA-C*01:02,1,731,739,9,MTKTSVDCT,MTKTSVDCT,MTKTSVDCT,8.3e-05,24
HLA-C*01:02,1,1173,1181,9,NASVVNIQK,NASVVNIQK,NASVVNIQK,8.1e-05,25
HLA-C*01:02,1,675,683,9,QTQTNSPRR,QTQTNSPRR,QTQTNSPRR,8.1e-05,25
HLA-C*01:02,1,623,631,9,AIHADQLTP,AIHADQLTP,AIHADQLTP,8.1e-05,25
HLA-C*01:02,1,1256,1264,9,FDEDDSEPV,FDEDDSEPV,FDEDDSEPV,8e-05,25
HLA-C*01:02,1,1214,1222,9,WYIWLGFIA,WYIWLGFIA,WYIWLGFIA,8e-05,25
HLA-C*01:02,1,1002,1010,9,QSLQTYVTQ,QSLQTYVTQ,QSLQTYVTQ,8e-05,25
HLA-C*01:02,1,787,795,9,QIYKTPPIK,QIYKTPPIK,QIYKTPPIK,7.9e-05,25
HLA-C*01:02,1,1174,1182,9,ASVVNIQKE,ASVVNIQKE,ASVVNIQKE,7.8e-05,25
HLA-C*01:02,1,662,670,9,CDIPIGAGI,CDIPIGAGI,CDIPIGAGI,7.8e-05,25
HLA-C*01:02,1,465,473,9,ERDISTEIY,ERDISTEIY,ERDISTEIY,7.7e-05,25
HLA-C*01:02,1,827,835,9,TLADAGFIK,TLADAGFIK,TLADAGFIK,7.6e-05,25
HLA-C*01:02,1,384,392,9,PTKLNDLCF,PTKLNDLCF,PTKLNDLCF,7.6e-05,25
HLA-C*01:02,1,817,825,9,FIEDLLFNK,FIEDLLFNK,FIEDLLFNK,7.5e-05,25
HLA-C*01:02,1,740,748,9,MYICGDSTE,MYICGDSTE,MYICGDSTE,7.5e-05,25
HLA-C*01:02,1,229,237,9,LPIGINITR,LPIGINITR,LPIGINITR,7.5e-05,25
HLA-C*01:02,1,1099,1107,9,GTHWFVTQR,GTHWFVTQR,GTHWFVTQR,7.4e-05,25
HLA-C*01:02,1,877,885,9,LLAGTITSG,LLAGTITSG,LLAGTITSG,7.3e-05,25
HLA-C*01:02,1,161,169,9,SSANNCTFE,SSANNCTFE,SSANNCTFE,7.3e-05,25
HLA-C*01:02,1,788,796,9,IYKTPPIKD,IYKTPPIKD,IYKTPPIKD,7.2e-05,26
HLA-C*01:02,1,1228,1236,9,VMVTIMLCC,VMVTIMLCC,VMVTIMLCC,7.1e-05,26
HLA-C*01:02,1,1160,1168,9,TSPDVDLGD,TSPDVDLGD,TSPDVDLGD,7.1e-05,26
HLA-C*01:02,1,609,617,9,AVLYQDVNC,AVLYQDVNC,AVLYQDVNC,7.1e-05,26
HLA-C*01:02,1,592,600,9,FGGVSVITP,FGGVSVITP,FGGVSVITP,7.1e-05,26
HLA-C*01:02,1,170,178,9,YVSQPFLMD,YVSQPFLMD,YVSQPFLMD,7.1e-05,26
HLA-C*01:02,1,1124,1132,9,GNCDVVIGI,GNCDVVIGI,GNCDVVIGI,7e-05,26
HLA-C*01:02,1,804,812,9,QILPDPSKP,QILPDPSKP,QILPDPSKP,7e-05,26
HLA-C*01:02,1,175,183,9,FLMDLEGKQ,FLMDLEGKQ,FLMDLEGKQ,6.8e-05,26
HLA-C*01:02,1,999,1007,9,GRLQSLQTY,GRLQSLQTY,GRLQSLQTY,6.7e-05,26
HLA-C*01:02,1,547,555,9,TGTGVLTES,TGTGVLTES,TGTGVLTES,6.7e-05,26
HLA-C*01:02,1,989,997,9,AEVQIDRLI,AEVQIDRLI,AEVQIDRLI,6.6e-05,26
HLA-C*01:02,1,581,589,9,TLEILDITP,TLEILDITP,TLEILDITP,6.6e-05,26
HLA-C*01:02,1,467,475,9,DISTEIYQA,DISTEIYQA,DISTEIYQA,6.6e-05,26
HLA-C*01:02,1,154,162,9,ESEFRVYSS,ESEFRVYSS,ESEFRVYSS,6.6e-05,26
HLA-C*01:02,1,992,1000,9,QIDRLITGR,QIDRLITGR,QIDRLITGR,6.5e-05,26
HLA-C*01:02,1,357,365,9,RISNCVADY,RISNCVADY,RISNCVADY,6.5e-05,26
HLA-C*01:02,1,829,837,9,ADAGFIKQY,ADAGFIKQY,ADAGFIKQY,6.4e-05,27
HLA-C*01:02,1,802,810,9,FSQILPDPS,FSQILPDPS,FSQILPDPS,6.4e-05,27
HLA-C*01:02,1,413,421,9,GQTGKIADY,GQTGKIADY,GQTGKIADY,6.4e-05,27
HLA-C*01:02,1,222,230,9,ALEPLVDLP,ALEPLVDLP,ALEPLVDLP,6.4e-05,27
HLA-C*01:02,1,1207,1215,9,EQYIKWPWY,EQYIKWPWY,EQYIKWPWY,6.3e-05,27
HLA-C*01:02,1,1188,1196,9,EVAKNLNES,EVAKNLNES,EVAKNLNES,6.3e-05,27
HLA-C*01:02,1,501,509,9,NGVGYQPYR,NGVGYQPYR,NGVGYQPYR,6.3e-05,27
HLA-C*01:02,1,132,140,9,EFQFCNDPF,EFQFCNDPF,EFQFCNDPF,6.3e-05,27
HLA-C*01:02,1,1064,1072,9,HVTYVPAQE,HVTYVPAQE,HVTYVPAQE,6.2e-05,27
HLA-C*01:02,1,1043,1051,9,CGKGYHLMS,CGKGYHLMS,CGKGYHLMS,6.2e-05,27
HLA-C*01:02,1,727,735,9,LPVSMTKTS,LPVSMTKTS,LPVSMTKTS,6.1e-05,27
HLA-C*01:02,1,314,322,9,QTSNFRVQP,QTSNFRVQP,QTSNFRVQP,6.1e-05,27
HLA-C*01:02,1,86,94,9,FNDGVYFAS,FNDGVYFAS,FNDGVYFAS,6.1e-05,27
HLA-C*01:02,1,1218,1226,9,LGFIAGLIA,LGFIAGLIA,LGFIAGLIA,6e-05,27
HLA-C*01:02,1,619,627,9,EVPVAIHAD,EVPVAIHAD,EVPVAIHAD,6e-05,27
HLA-C*01:02,1,760,768,9,CTQLNRALT,CTQLNRALT,CTQLNRALT,5.9e-05,27
HLA-C*01:02,1,720,728,9,ISVTTEILP,ISVTTEILP,ISVTTEILP,5.9e-05,27
HLA-C*01:02,1,695,703,9,YTMSLGAEN,YTMSLGAEN,YTMSLGAEN,5.9e-05,27
HLA-C*01:02,1,246,254,9,RSYLTPGDS,RSYLTPGDS,RSYLTPGDS,5.9e-05,27
HLA-C*01:02,1,17,25,9,NLTTRTQLP,NLTTRTQLP,NLTTRTQLP,5.9e-05,27
HLA-C*01:02,1,1242,1250,9,SCLKGCCSC,SCLKGCCSC,SCLKGCCSC,5.8e-05,27
HLA-C*01:02,1,985,993,9,DKVEAEVQI,DKVEAEVQI,DKVEAEVQI,5.8e-05,27
HLA-C*01:02,1,851,859,9,CAQKFNGLT,CAQKFNGLT,CAQKFNGLT,5.8e-05,27
HLA-C*01:02,1,106,114,9,FGTTLDSKT,FGTTLDSKT,FGTTLDSKT,5.8e-05,27
HLA-C*01:02,1,69,77,9,HVSGTNGTK,HVSGTNGTK,HVSGTNGTK,5.8e-05,27
HLA-C*01:02,1,964,972,9,KQLSSNFGA,KQLSSNFGA,KQLSSNFGA,5.7e-05,28
HLA-C*01:02,1,950,958,9,DVVNQNAQA,DVVNQNAQA,DVVNQNAQA,5.7e-05,28
HLA-C*01:02,1,1047,1055,9,YHLMSFPQS,YHLMSFPQS,YHLMSFPQS,5.6e-05,28
HLA-C*01:02,1,1023,1031,9,NLAATKMSE,NLAATKMSE,NLAATKMSE,5.6e-05,28
HLA-C*01:02,1,674,682,9,YQTQTNSPR,YQTQTNSPR,YQTQTNSPR,5.6e-05,28
HLA-C*01:02,1,383,391,9,SPTKLNDLC,SPTKLNDLC,SPTKLNDLC,5.6e-05,28
HLA-C*01:02,1,198,206,9,DGYFKIYSK,DGYFKIYSK,DGYFKIYSK,5.6e-05,28
HLA-C*01:02,1,1215,1223,9,YIWLGFIAG,YIWLGFIAG,YIWLGFIAG,5.5e-05,28
HLA-C*01:02,1,540,548,9,NFNFNGLTG,NFNFNGLTG,NFNFNGLTG,5.5e-05,28
HLA-C*01:02,1,422,430,9,NYKLPDDFT,NYKLPDDFT,NYKLPDDFT,5.5e-05,28
HLA-C*01:02,1,1061,1069,9,VFLHVTYVP,VFLHVTYVP,VFLHVTYVP,5.4e-05,28
HLA-C*01:02,1,541,549,9,FNFNGLTGT,FNFNGLTGT,FNFNGLTGT,5.4e-05,28
HLA-C*01:02,1,326,334,9,IVRFPNITN,IVRFPNITN,IVRFPNITN,5.4e-05,28
HLA-C*01:02,1,281,289,9,ENGTITDAV,ENGTITDAV,ENGTITDAV,5.4e-05,28
HLA-C*01:02,1,378,386,9,KCYGVSPTK,KCYGVSPTK,KCYGVSPTK,5.3e-05,28
HLA-C*01:02,1,293,301,9,LDPLSETKC,LDPLSETKC,LDPLSETKC,5.3e-05,28
HLA-C*01:02,1,176,184,9,LMDLEGKQG,LMDLEGKQG,LMDLEGKQG,5.3e-05,28
HLA-C*01:02,1,67,75,9,AIHVSGTNG,AIHVSGTNG,AIHVSGTNG,5.3e-05,28
HLA-C*01:02,1,493,501,9,QSYGFQPTN,QSYGFQPTN,QSYGFQPTN,5.2e-05,28
HLA-C*01:02,1,353,361,9,WNRKRISNC,WNRKRISNC,WNRKRISNC,5.2e-05,28
HLA-C*01:02,1,237,245,9,RFQTLLALH,RFQTLLALH,RFQTLLALH,5.2e-05,28
HLA-C*01:02,1,1132,1140,9,IVNNTVYDP,IVNNTVYDP,IVNNTVYDP,5e-05,29
HLA-C*01:02,1,296,304,9,LSETKCTLK,LSETKCTLK,LSETKCTLK,5e-05,29
HLA-C*01:02,1,214,222,9,RDLPQGFSA,RDLPQGFSA,RDLPQGFSA,5e-05,29
HLA-C*01:02,1,1001,1009,9,LQSLQTYVT,LQSLQTYVT,LQSLQTYVT,4.9e-05,29
HLA-C*01:02,1,774,782,9,QDKNTQEVF,QDKNTQEVF,QDKNTQEVF,4.9e-05,29
HLA-C*01:02,1,428,436,9,DFTGCVIAW,DFTGCVIAW,DFTGCVIAW,4.9e-05,29
HLA-C*01:02,1,238,246,9,FQTLLALHR,FQTLLALHR,FQTLLALHR,4.9e-05,29
HLA-C*01:02,1,61,69,9,NVTWFHAIH,NVTWFHAIH,NVTWFHAIH,4.9e-05,29
HLA-C*01:02,1,753,761,9,LLQYGSFCT,LLQYGSFCT,LLQYGSFCT,4.8e-05,29
HLA-C*01:02,1,337,345,9,PFGEVFNAT,PFGEVFNAT,PFGEVFNAT,4.8e-05,29
HLA-C*01:02,1,542,550,9,NFNGLTGTG,NFNGLTGTG,NFNGLTGTG,4.7e-05,29
HLA-C*01:02,1,45,53,9,SSVLHSTQD,SSVLHSTQD,SSVLHSTQD,4.7e-05,29
HLA-C*01:02,1,1164,1172,9,VDLGDISGI,VDLGDISGI,VDLGDISGI,4.6e-05,29
HLA-C*01:02,1,748,756,9,ECSNLLLQY,ECSNLLLQY,ECSNLLLQY,4.6e-05,29
HLA-C*01:02,1,362,370,9,VADYSVLYN,VADYSVLYN,VADYSVLYN,4.6e-05,29
HLA-C*01:02,1,13,21,9,SQCVNLTTR,SQCVNLTTR,SQCVNLTTR,4.6e-05,29
HLA-C*01:02,1,1035,1043,9,GQSKRVDFC,GQSKRVDFC,GQSKRVDFC,4.5e-05,30
HLA-C*01:02,1,500,508,9,TNGVGYQPY,TNGVGYQPY,TNGVGYQPY,4.5e-05,30
HLA-C*01:02,1,494,502,9,SYGFQPTNG,SYGFQPTNG,SYGFQPTNG,4.5e-05,30
HLA-C*01:02,1,276,284,9,LLKYNENGT,LLKYNENGT,LLKYNENGT,4.5e-05,30
HLA-C*01:02,1,199,207,9,GYFKIYSKH,GYFKIYSKH,GYFKIYSKH,4.5e-05,30
HLA-C*01:02,1,624,632,9,IHADQLTPT,IHADQLTPT,IHADQLTPT,4.4e-05,30
HLA-C*01:02,1,515,523,9,FELLHAPAT,FELLHAPAT,FELLHAPAT,4.4e-05,30
HLA-C*01:02,1,974,982,9,SSVLNDILS,SSVLNDILS,SSVLNDILS,4.3e-05,30
HLA-C*01:02,1,966,974,9,LSSNFGAIS,LSSNFGAIS,LSSNFGAIS,4.3e-05,30
HLA-C*01:02,1,941,949,9,TASALGKLQ,TASALGKLQ,TASALGKLQ,4.3e-05,30
HLA-C*01:02,1,854,862,9,KFNGLTVLP,KFNGLTVLP,KFNGLTVLP,4.3e-05,30
HLA-C*01:02,1,783,791,9,AQVKQIYKT,AQVKQIYKT,AQVKQIYKT,4.3e-05,30
HLA-C*01:02,1,754,762,9,LQYGSFCTQ,LQYGSFCTQ,LQYGSFCTQ,4.3e-05,30
HLA-C*01:02,1,311,319,9,GIYQTSNFR,GIYQTSNFR,GIYQTSNFR,4.2e-05,30
HLA-C*01:02,1,1076,1084,9,TTAPAICHD,TTAPAICHD,TTAPAICHD,4.1e-05,30
HLA-C*01:02,1,864,872,9,LLTDEMIAQ,LLTDEMIAQ,LLTDEMIAQ,4.1e-05,30
HLA-C*01:02,1,744,752,9,GDSTECSNL,GDSTECSNL,GDSTECSNL,4.1e-05,30
HLA-C*01:02,1,520,528,9,APATVCGPK,APATVCGPK,APATVCGPK,4.1e-05,30
HLA-C*01:02,1,1217,1225,9,WLGFIAGLI,WLGFIAGLI,WLGFIAGLI,4e-05,31
HLA-C*01:02,1,611,619,9,LYQDVNCTE,LYQDVNCTE,LYQDVNCTE,4e-05,31
HLA-C*01:02,1,549,557,9,TGVLTESNK,TGVLTESNK,TGVLTESNK,4e-05,31
HLA-C*01:02,1,232,240,9,GINITRFQT,GINITRFQT,GINITRFQT,4e-05,31
HLA-C*01:02,1,263,271,9,AAYYVGYLQ,AAYYVGYLQ,AAYYVGYLQ,3.9e-05,31
HLA-C*01:02,1,155,163,9,SEFRVYSSA,SEFRVYSSA,SEFRVYSSA,3.9e-05,31
HLA-C*01:02,1,1197,1205,9,LIDLQELGK,LIDLQELGK,LIDLQELGK,3.8e-05,31
HLA-C*01:02,1,1080,1088,9,AICHDGKAH,AICHDGKAH,AICHDGKAH,3.8e-05,31
HLA-C*01:02,1,220,228,9,FSALEPLVD,FSALEPLVD,FSALEPLVD,3.8e-05,31
HLA-C*01:02,1,1159,1167,9,HTSPDVDLG,HTSPDVDLG,HTSPDVDLG,3.7e-05,31
HLA-C*01:02,1,1110,1118,9,YEPQIITTD,YEPQIITTD,YEPQIITTD,3.7e-05,31
HLA-C*01:02,1,572,580,9,TTDAVRDPQ,TTDAVRDPQ,TTDAVRDPQ,3.7e-05,31
HLA-C*01:02,1,529,537,9,KSTNLVKNK,KSTNLVKNK,KSTNLVKNK,3.7e-05,31
HLA-C*01:02,1,443,451,9,SKVGGNYNY,SKVGGNYNY,SKVGGNYNY,3.7e-05,31
HLA-C*01:02,1,1206,1214,9,YEQYIKWPW,YEQYIKWPW,YEQYIKWPW,3.6e-05,32
HLA-C*01:02,1,1155,1163,9,YFKNHTSPD,YFKNHTSPD,YFKNHTSPD,3.6e-05,32
HLA-C*01:02,1,1093,1101,9,GVFVSNGTH,GVFVSNGTH,GVFVSNGTH,3.6e-05,32
HLA-C*01:02,1,703,711,9,NSVAYSNNS,NSVAYSNNS,NSVAYSNNS,3.6e-05,32
HLA-C*01:02,1,85,93,9,PFNDGVYFA,PFNDGVYFA,PFNDGVYFA,3.6e-05,32
HLA-C*01:02,1,31,39,9,SFTRGVYYP,SFTRGVYYP,SFTRGVYYP,3.6e-05,32
HLA-C*01:02,1,1211,1219,9,KWPWYIWLG,KWPWYIWLG,KWPWYIWLG,3.5e-05,32
HLA-C*01:02,1,1009,1017,9,TQQLIRAAE,TQQLIRAAE,TQQLIRAAE,3.5e-05,32
HLA-C*01:02,1,904,912,9,YRFNGIGVT,YRFNGIGVT,YRFNGIGVT,3.5e-05,32
HLA-C*01:02,1,594,602,9,GVSVITPGT,GVSVITPGT,GVSVITPGT,3.5e-05,32
HLA-C*01:02,1,375,383,9,STFKCYGVS,STFKCYGVS,STFKCYGVS,3.5e-05,32
HLA-C*01:02,1,1015,1023,9,AAEIRASAN,AAEIRASAN,AAEIRASAN,3.4e-05,32
HLA-C*01:02,1,203,211,9,IYSKHTPIN,IYSKHTPIN,IYSKHTPIN,3.4e-05,32
HLA-C*01:02,1,1204,1212,9,GKYEQYIKW,GKYEQYIKW,GKYEQYIKW,3.3e-05,33
HLA-C*01:02,1,921,929,9,KLIANQFNS,KLIANQFNS,KLIANQFNS,3.3e-05,33
HLA-C*01:02,1,335,343,9,LCPFGEVFN,LCPFGEVFN,LCPFGEVFN,3.3e-05,33
HLA-C*01:02,1,939,947,9,SSTASALGK,SSTASALGK,SSTASALGK,3.2e-05,33
HLA-C*01:02,1,893,901,9,ALQIPFAMQ,ALQIPFAMQ,ALQIPFAMQ,3.2e-05,33
HLA-C*01:02,1,778,786,9,TQEVFAQVK,TQEVFAQVK,TQEVFAQVK,3.2e-05,33
HLA-C*01:02,1,583,591,9,EILDITPCS,EILDITPCS,EILDITPCS,3.2e-05,33
HLA-C*01:02,1,301,309,9,CTLKSFTVE,CTLKSFTVE,CTLKSFTVE,3.2e-05,33
HLA-C*01:02,1,117,125,9,LLIVNNATN,LLIVNNATN,LLIVNNATN,3.2e-05,33
HLA-C*01:02,1,455,463,9,LFRKSNLKP,LFRKSNLKP,LFRKSNLKP,3.1e-05,33
HLA-C*01:02,1,766,774,9,ALTGIAVEQ,ALTGIAVEQ,ALTGIAVEQ,3e-05,33
HLA-C*01:02,1,654,662,9,EHVNNSYEC,EHVNNSYEC,EHVNNSYEC,3e-05,33
HLA-C*01:02,1,647,655,9,AGCLIGAEH,AGCLIGAEH,AGCLIGAEH,3e-05,33
HLA-C*01:02,1,68,76,9,IHVSGTNGT,IHVSGTNGT,IHVSGTNGT,3e-05,33
HLA-C*01:02,1,27,35,9,AYTNSFTRG,AYTNSFTRG,AYTNSFTRG,3e-05,33
HLA-C*01:02,1,15,23,9,CVNLTTRTQ,CVNLTTRTQ,CVNLTTRTQ,3e-05,33
HLA-C*01:02,1,1006,1014,9,TYVTQQLIR,TYVTQQLIR,TYVTQQLIR,2.9e-05,34
HLA-C*01:02,1,696,704,9,TMSLGAENS,TMSLGAENS,TMSLGAENS,2.9e-05,34
HLA-C*01:02,1,172,180,9,SQPFLMDLE,SQPFLMDLE,SQPFLMDLE,2.9e-05,34
HLA-C*01:02,1,910,918,9,GVTQNVLYE,GVTQNVLYE,GVTQNVLYE,2.8e-05,34
HLA-C*01:02,1,617,625,9,CTEVPVAIH,CTEVPVAIH,CTEVPVAIH,2.8e-05,34
HLA-C*01:02,1,449,457,9,YNYLYRLFR,YNYLYRLFR,YNYLYRLFR,2.8e-05,34
HLA-C*01:02,1,558,566,9,KFLPFQQFG,KFLPFQQFG,KFLPFQQFG,2.7e-05,34
HLA-C*01:02,1,535,543,9,KNKCVNFNF,KNKCVNFNF,KNKCVNFNF,2.7e-05,34
HLA-C*01:02,1,446,454,9,GGNYNYLYR,GGNYNYLYR,GGNYNYLYR,2.7e-05,34
HLA-C*01:02,1,231,239,9,IGINITRFQ,IGINITRFQ,IGINITRFQ,2.7e-05,34
HLA-C*01:02,1,64,72,9,WFHAIHVSG,WFHAIHVSG,WFHAIHVSG,2.7e-05,34
HLA-C*01:02,1,660,668,9,YECDIPIGA,YECDIPIGA,YECDIPIGA,2.6e-05,35
HLA-C*01:02,1,380,388,9,YGVSPTKLN,YGVSPTKLN,YGVSPTKLN,2.6e-05,35
HLA-C*01:02,1,104,112,9,WIFGTTLDS,WIFGTTLDS,WIFGTTLDS,2.6e-05,35
HLA-C*01:02,1,1258,1266,9,EDDSEPVLK,EDDSEPVLK,EDDSEPVLK,2.5e-05,35
HLA-C*01:02,1,1205,1213,9,KYEQYIKWP,KYEQYIKWP,KYEQYIKWP,2.5e-05,35
HLA-C*01:02,1,953,961,9,NQNAQALNT,NQNAQALNT,NQNAQALNT,2.5e-05,35
HLA-C*01:02,1,708,716,9,SNNSIAIPT,SNNSIAIPT,SNNSIAIPT,2.5e-05,35
HLA-C*01:02,1,496,504,9,GFQPTNGVG,GFQPTNGVG,GFQPTNGVG,2.5e-05,35
HLA-C*01:02,1,91,99,9,YFASTEKSN,YFASTEKSN,YFASTEKSN,2.5e-05,35
HLA-C*01:02,1,66,74,9,HAIHVSGTN,HAIHVSGTN,HAIHVSGTN,2.5e-05,35
HLA-C*01:02,1,18,26,9,LTTRTQLPP,LTTRTQLPP,LTTRTQLPP,2.5e-05,35
HLA-C*01:02,1,1196,1204,9,SLIDLQELG,SLIDLQELG,SLIDLQELG,2.4e-05,36
HLA-C*01:02,1,957,965,9,QALNTLVKQ,QALNTLVKQ,QALNTLVKQ,2.4e-05,36
HLA-C*01:02,1,925,933,9,NQFNSAIGK,NQFNSAIGK,NQFNSAIGK,2.4e-05,36
HLA-C*01:02,1,771,779,9,AVEQDKNTQ,AVEQDKNTQ,AVEQDKNTQ,2.4e-05,36
HLA-C*01:02,1,761,769,9,TQLNRALTG,TQLNRALTG,TQLNRALTG,2.4e-05,36
HLA-C*01:02,1,690,698,9,QSIIAYTMS,QSIIAYTMS,QSIIAYTMS,2.4e-05,36
HLA-C*01:02,1,539,547,9,VNFNFNGLT,VNFNFNGLT,VNFNFNGLT,2.4e-05,36
HLA-C*01:02,1,522,530,9,ATVCGPKKS,ATVCGPKKS,ATVCGPKKS,2.4e-05,36
HLA-C*01:02,1,329,337,9,FPNITNLCP,FPNITNLCP,FPNITNLCP,2.4e-05,36
HLA-C*01:02,1,216,224,9,LPQGFSALE,LPQGFSALE,LPQGFSALE,2.4e-05,36
HLA-C*01:02,1,138,146,9,DPFLGVYYH,DPFLGVYYH,DPFLGVYYH,2.4e-05,36
HLA-C*01:02,1,22,30,9,TQLPPAYTN,TQLPPAYTN,TQLPPAYTN,2.4e-05,36
HLA-C*01:02,1,1098,1106,9,NGTHWFVTQ,NGTHWFVTQ,NGTHWFVTQ,2.3e-05,36
HLA-C*01:02,1,855,863,9,FNGLTVLPP,FNGLTVLPP,FNGLTVLPP,2.3e-05,36
HLA-C*01:02,1,768,776,9,TGIAVEQDK,TGIAVEQDK,TGIAVEQDK,2.3e-05,36
HLA-C*01:02,1,618,626,9,TEVPVAIHA,TEVPVAIHA,TEVPVAIHA,2.3e-05,36
HLA-C*01:02,1,615,623,9,VNCTEVPVA,VNCTEVPVA,VNCTEVPVA,2.3e-05,36
HLA-C*01:02,1,546,554,9,LTGTGVLTE,LTGTGVLTE,LTGTGVLTE,2.3e-05,36
HLA-C*01:02,1,336,344,9,CPFGEVFNA,CPFGEVFNA,CPFGEVFNA,2.3e-05,36
HLA-C*01:02,1,902,910,9,MAYRFNGIG,MAYRFNGIG,MAYRFNGIG,2.2e-05,37
HLA-C*01:02,1,883,891,9,TSGWTFGAG,TSGWTFGAG,TSGWTFGAG,2.2e-05,37
HLA-C*01:02,1,700,708,9,GAENSVAYS,GAENSVAYS,GAENSVAYS,2.2e-05,37
HLA-C*01:02,1,283,291,9,GTITDAVDC,GTITDAVDC,GTITDAVDC,2.2e-05,37
HLA-C*01:02,1,201,209,9,FKIYSKHTP,FKIYSKHTP,FKIYSKHTP,2.2e-05,37
HLA-C*01:02,1,49,57,9,HSTQDLFLP,HSTQDLFLP,HSTQDLFLP,2.2e-05,37
HLA-C*01:02,1,1135,1143,9,NTVYDPLQP,NTVYDPLQP,NTVYDPLQP,2.1e-05,37
HLA-C*01:02,1,1083,1091,9,HDGKAHFPR,HDGKAHFPR,HDGKAHFPR,2.1e-05,37
HLA-C*01:02,1,980,988,9,ILSRLDKVE,ILSRLDKVE,ILSRLDKVE,2.1e-05,37
HLA-C*01:02,1,717,725,9,NFTISVTTE,NFTISVTTE,NFTISVTTE,2.1e-05,37
HLA-C*01:02,1,150,158,9,KSWMESEFR,KSWMESEFR,KSWMESEFR,2.1e-05,37
HLA-C*01:02,1,1223,1231,9,GLIAIVMVT,GLIAIVMVT,GLIAIVMVT,2e-05,38
HLA-C*01:02,1,671,679,9,CASYQTQTN,CASYQTQTN,CASYQTQTN,2e-05,38
HLA-C*01:02,1,599,607,9,TPGTNTSNQ,TPGTNTSNQ,TPGTNTSNQ,2e-05,38
HLA-C*01:02,1,550,558,9,GVLTESNKK,GVLTESNKK,GVLTESNKK,2e-05,38
HLA-C*01:02,1,545,553,9,GLTGTGVLT,GLTGTGVLT,GLTGTGVLT,2e-05,38
HLA-C*01:02,1,435,443,9,AWNSNNLDS,AWNSNNLDS,AWNSNNLDS,2e-05,38
HLA-C*01:02,1,389,397,9,DLCFTNVYA,DLCFTNVYA,DLCFTNVYA,2e-05,38
HLA-C*01:02,1,316,324,9,SNFRVQPTE,SNFRVQPTE,SNFRVQPTE,2e-05,38
HLA-C*01:02,1,1232,1240,9,IMLCCMTSC,IMLCCMTSC,IMLCCMTSC,1.9e-05,38
HLA-C*01:02,1,1082,1090,9,CHDGKAHFP,CHDGKAHFP,CHDGKAHFP,1.9e-05,38
HLA-C*01:02,1,938,946,9,LSSTASALG,LSSTASALG,LSSTASALG,1.9e-05,38
HLA-C*01:02,1,140,148,9,FLGVYYHKN,FLGVYYHKN,FLGVYYHKN,1.9e-05,38
HLA-C*01:02,1,1241,1249,9,CSCLKGCCS,CSCLKGCCS,CSCLKGCCS,1.8e-05,39
HLA-C*01:02,1,488,496,9,CYFPLQSYG,CYFPLQSYG,CYFPLQSYG,1.8e-05,39
HLA-C*01:02,1,473,481,9,YQAGSTPCN,YQAGSTPCN,YQAGSTPCN,1.8e-05,39
HLA-C*01:02,1,100,108,9,IIRGWIFGT,IIRGWIFGT,IIRGWIFGT,1.8e-05,39
HLA-C*01:02,1,96,104,9,EKSNIIRGW,EKSNIIRGW,EKSNIIRGW,1.8e-05,39
HLA-C*01:02,1,1170,1178,9,SGINASVVN,SGINASVVN,SGINASVVN,1.7e-05,39
HLA-C*01:02,1,990,998,9,EVQIDRLIT,EVQIDRLIT,EVQIDRLIT,1.7e-05,39
HLA-C*01:02,1,947,955,9,KLQDVVNQN,KLQDVVNQN,KLQDVVNQN,1.7e-05,39
HLA-C*01:02,1,715,723,9,PTNFTISVT,PTNFTISVT,PTNFTISVT,1.7e-05,39
HLA-C*01:02,1,376,384,9,TFKCYGVSP,TFKCYGVSP,TFKCYGVSP,1.7e-05,39
HLA-C*01:02,1,182,190,9,KQGNFKNLR,KQGNFKNLR,KQGNFKNLR,1.7e-05,39
HLA-C*01:02,1,1177,1185,9,VNIQKEIDR,VNIQKEIDR,VNIQKEIDR,1.6e-05,40
HLA-C*01:02,1,1013,1021,9,IRAAEIRAS,IRAAEIRAS,IRAAEIRAS,1.6e-05,40
HLA-C*01:02,1,757,765,9,GSFCTQLNR,GSFCTQLNR,GSFCTQLNR,1.6e-05,40
HLA-C*01:02,1,441,449,9,LDSKVGGNY,LDSKVGGNY,LDSKVGGNY,1.6e-05,40
HLA-C*01:02,1,294,302,9,DPLSETKCT,DPLSETKCT,DPLSETKCT,1.6e-05,40
HLA-C*01:02,1,121,129,9,NNATNVVIK,NNATNVVIK,NNATNVVIK,1.6e-05,40
HLA-C*01:02,1,74,82,9,NGTKRFDNP,NGTKRFDNP,NGTKRFDNP,1.6e-05,40
HLA-C*01:02,1,1045,1053,9,KGYHLMSFP,KGYHLMSFP,KGYHLMSFP,1.5e-05,41
HLA-C*01:02,1,931,939,9,IGKIQDSLS,IGKIQDSLS,IGKIQDSLS,1.5e-05,41
HLA-C*01:02,1,791,799,9,TPPIKDFGG,TPPIKDFGG,TPPIKDFGG,1.5e-05,41
HLA-C*01:02,1,105,113,9,IFGTTLDSK,IFGTTLDSK,IFGTTLDSK,1.5e-05,41
HLA-C*01:02,1,987,995,9,VEAEVQIDR,VEAEVQIDR,VEAEVQIDR,1.4e-05,42
HLA-C*01:02,1,970,978,9,FGAISSVLN,FGAISSVLN,FGAISSVLN,1.4e-05,42
HLA-C*01:02,1,823,831,9,FNKVTLADA,FNKVTLADA,FNKVTLADA,1.4e-05,42
HLA-C*01:02,1,486,494,9,FNCYFPLQS,FNCYFPLQS,FNCYFPLQS,1.4e-05,42
HLA-C*01:02,1,401,409,9,VIRGDEVRQ,VIRGDEVRQ,VIRGDEVRQ,1.4e-05,42
HLA-C*01:02,1,280,288,9,NENGTITDA,NENGTITDA,NENGTITDA,1.4e-05,42
HLA-C*01:02,1,275,283,9,FLLKYNENG,FLLKYNENG,FLLKYNENG,1.4e-05,42
HLA-C*01:02,1,274,282,9,TFLLKYNEN,TFLLKYNEN,TFLLKYNEN,1.4e-05,42
HLA-C*01:02,1,1263,1271,9,PVLKGVKLH,PVLKGVKLH,PVLKGVKLH,1.3e-05,42
HLA-C*01:02,1,1201,1209,9,QELGKYEQY,QELGKYEQY,QELGKYEQY,1.3e-05,42
HLA-C*01:02,1,961,969,9,TLVKQLSSN,TLVKQLSSN,TLVKQLSSN,1.3e-05,42
HLA-C*01:02,1,862,870,9,PPLLTDEMI,PPLLTDEMI,PPLLTDEMI,1.3e-05,42
HLA-C*01:02,1,524,532,9,VCGPKKSTN,VCGPKKSTN,VCGPKKSTN,1.3e-05,42
HLA-C*01:02,1,469,477,9,STEIYQAGS,STEIYQAGS,STEIYQAGS,1.3e-05,42
HLA-C*01:02,1,450,458,9,NYLYRLFRK,NYLYRLFRK,NYLYRLFRK,1.3e-05,42
HLA-C*01:02,1,436,444,9,WNSNNLDSK,WNSNNLDSK,WNSNNLDSK,1.3e-05,42
HLA-C*01:02,1,322,330,9,PTESIVRFP,PTESIVRFP,PTESIVRFP,1.3e-05,42
HLA-C*01:02,1,14,22,9,QCVNLTTRT,QCVNLTTRT,QCVNLTTRT,1.3e-05,42
HLA-C*01:02,1,1,9,9,MFVFLVLLP,MFVFLVLLP,MFVFLVLLP,1.3e-05,42
HLA-C*01:02,1,1200,1208,9,LQELGKYEQ,LQELGKYEQ,LQELGKYEQ,1.2e-05,43
HLA-C*01:02,1,1066,1074,9,TYVPAQEKN,TYVPAQEKN,TYVPAQEKN,1.2e-05,43
HLA-C*01:02,1,912,920,9,TQNVLYENQ,TQNVLYENQ,TQNVLYENQ,1.2e-05,43
HLA-C*01:02,1,889,897,9,GAGAALQIP,GAGAALQIP,GAGAALQIP,1.2e-05,43
HLA-C*01:02,1,846,854,9,ARDLICAQK,ARDLICAQK,ARDLICAQK,1.2e-05,43
HLA-C*01:02,1,800,808,9,FNFSQILPD,FNFSQILPD,FNFSQILPD,1.2e-05,43
HLA-C*01:02,1,580,588,9,QTLEILDIT,QTLEILDIT,QTLEILDIT,1.2e-05,43
HLA-C*01:02,1,506,514,9,QPYRVVVLS,QPYRVVVLS,QPYRVVVLS,1.2e-05,43
HLA-C*01:02,1,330,338,9,PNITNLCPF,PNITNLCPF,PNITNLCPF,1.2e-05,43
HLA-C*01:02,1,239,247,9,QTLLALHRS,QTLLALHRS,QTLLALHRS,1.2e-05,43
HLA-C*01:02,1,1079,1087,9,PAICHDGKA,PAICHDGKA,PAICHDGKA,1.1e-05,44
HLA-C*01:02,1,1028,1036,9,KMSECVLGQ,KMSECVLGQ,KMSECVLGQ,1.1e-05,44
HLA-C*01:02,1,982,990,9,SRLDKVEAE,SRLDKVEAE,SRLDKVEAE,1.1e-05,44
HLA-C*01:02,1,927,935,9,FNSAIGKIQ,FNSAIGKIQ,FNSAIGKIQ,1.1e-05,44
HLA-C*01:02,1,842,850,9,GDIAARDLI,GDIAARDLI,GDIAARDLI,1.1e-05,44
HLA-C*01:02,1,692,700,9,IIAYTMSLG,IIAYTMSLG,IIAYTMSLG,1.1e-05,44
HLA-C*01:02,1,668,676,9,AGICASYQT,AGICASYQT,AGICASYQT,1.1e-05,44
HLA-C*01:02,1,348,356,9,ASVYAWNRK,ASVYAWNRK,ASVYAWNRK,1.1e-05,44
HLA-C*01:02,1,183,191,9,QGNFKNLRE,QGNFKNLRE,QGNFKNLRE,1.1e-05,44
HLA-C*01:02,1,39,47,9,PDKVFRSSV,PDKVFRSSV,PDKVFRSSV,1.1e-05,44
HLA-C*01:02,1,1183,1191,9,IDRLNEVAK,IDRLNEVAK,IDRLNEVAK,1e-05,46
HLA-C*01:02,1,1033,1041,9,VLGQSKRVD,VLGQSKRVD,VLGQSKRVD,1e-05,46
HLA-C*01:02,1,899,907,9,AMQMAYRFN,AMQMAYRFN,AMQMAYRFN,1e-05,46
HLA-C*01:02,1,808,816,9,DPSKPSKRS,DPSKPSKRS,DPSKPSKRS,1e-05,46
HLA-C*01:02,1,694,702,9,AYTMSLGAE,AYTMSLGAE,AYTMSLGAE,1e-05,46
HLA-C*01:02,1,595,603,9,VSVITPGTN,VSVITPGTN,VSVITPGTN,1e-05,46
HLA-C*01:02,1,579,587,9,PQTLEILDI,PQTLEILDI,PQTLEILDI,1e-05,46
HLA-C*01:02,1,308,316,9,VEKGIYQTS,VEKGIYQTS,VEKGIYQTS,1e-05,46
HLA-C*01:02,1,1231,1239,9,TIMLCCMTS,TIMLCCMTS,TIMLCCMTS,9e-06,47
HLA-C*01:02,1,1153,1161,9,DKYFKNHTS,DKYFKNHTS,DKYFKNHTS,9e-06,47
HLA-C*01:02,1,1063,1071,9,LHVTYVPAQ,LHVTYVPAQ,LHVTYVPAQ,9e-06,47
HLA-C*01:02,1,942,950,9,ASALGKLQD,ASALGKLQD,ASALGKLQD,9e-06,47
HLA-C*01:02,1,847,855,9,RDLICAQKF,RDLICAQKF,RDLICAQKF,9e-06,47
HLA-C*01:02,1,772,780,9,VEQDKNTQE,VEQDKNTQE,VEQDKNTQE,9e-06,47
HLA-C*01:02,1,640,648,9,SNVFQTRAG,SNVFQTRAG,SNVFQTRAG,9e-06,47
HLA-C*01:02,1,571,579,9,DTTDAVRDP,DTTDAVRDP,DTTDAVRDP,9e-06,47
HLA-C*01:02,1,426,434,9,PDDFTGCVI,PDDFTGCVI,PDDFTGCVI,9e-06,47
HLA-C*01:02,1,406,414,9,EVRQIAPGQ,EVRQIAPGQ,EVRQIAPGQ,9e-06,47
HLA-C*01:02,1,355,363,9,RKRISNCVA,RKRISNCVA,RKRISNCVA,9e-06,47
HLA-C*01:02,1,153,161,9,MESEFRVYS,MESEFRVYS,MESEFRVYS,9e-06,47
HLA-C*01:02,1,53,61,9,DLFLPFFSN,DLFLPFFSN,DLFLPFFSN,9e-06,47
HLA-C*01:02,1,1235,1243,9,CCMTSCCSC,CCMTSCCSC,CCMTSCCSC,8e-06,48
HLA-C*01:02,1,1233,1241,9,MLCCMTSCC,MLCCMTSCC,MLCCMTSCC,8e-06,48
HLA-C*01:02,1,1230,1238,9,VTIMLCCMT,VTIMLCCMT,VTIMLCCMT,8e-06,48
HLA-C*01:02,1,1163,1171,9,DVDLGDISG,DVDLGDISG,DVDLGDISG,8e-06,48
HLA-C*01:02,1,1057,1065,9,PHGVVFLHV,PHGVVFLHV,PHGVVFLHV,8e-06,48
HLA-C*01:02,1,822,830,9,LFNKVTLAD,LFNKVTLAD,LFNKVTLAD,8e-06,48
HLA-C*01:02,1,407,415,9,VRQIAPGQT,VRQIAPGQT,VRQIAPGQT,8e-06,48
HLA-C*01:02,1,273,281,9,RTFLLKYNE,RTFLLKYNE,RTFLLKYNE,8e-06,48
HLA-C*01:02,1,260,268,9,AGAAAYYVG,AGAAAYYVG,AGAAAYYVG,8e-06,48
HLA-C*01:02,1,226,234,9,LVDLPIGIN,LVDLPIGIN,LVDLPIGIN,8e-06,48
HLA-C*01:02,1,213,221,9,VRDLPQGFS,VRDLPQGFS,VRDLPQGFS,8e-06,48
HLA-C*01:02,1,148,156,9,NNKSWMESE,NNKSWMESE,NNKSWMESE,8e-06,48
HLA-C*01:02,1,114,122,9,TQSLLIVNN,TQSLLIVNN,TQSLLIVNN,8e-06,48
HLA-C*01:02,1,1261,1269,9,SEPVLKGVK,SEPVLKGVK,SEPVLKGVK,7e-06,50
HLA-C*01:02,1,1213,1221,9,PWYIWLGFI,PWYIWLGFI,PWYIWLGFI,7e-06,50
HLA-C*01:02,1,1203,1211,9,LGKYEQYIK,LGKYEQYIK,LGKYEQYIK,7e-06,50
HLA-C*01:02,1,1199,1207,9,DLQELGKYE,DLQELGKYE,DLQELGKYE,7e-06,50
HLA-C*01:02,1,1084,1092,9,DGKAHFPRE,DGKAHFPRE,DGKAHFPRE,7e-06,50
HLA-C*01:02,1,1072,1080,9,EKNFTTAPA,EKNFTTAPA,EKNFTTAPA,7e-06,50
HLA-C*01:02,1,887,895,9,TFGAGAALQ,TFGAGAALQ,TFGAGAALQ,7e-06,50
HLA-C*01:02,1,872,880,9,QYTSALLAG,QYTSALLAG,QYTSALLAG,7e-06,50
HLA-C*01:02,1,724,732,9,TEILPVSMT,TEILPVSMT,TEILPVSMT,7e-06,50
HLA-C*01:02,1,661,669,9,ECDIPIGAG,ECDIPIGAG,ECDIPIGAG,7e-06,50
HLA-C*01:02,1,644,652,9,QTRAGCLIG,QTRAGCLIG,QTRAGCLIG,7e-06,50
HLA-C*01:02,1,632,640,9,TWRVYSTGS,TWRVYSTGS,TWRVYSTGS,7e-06,50
HLA-C*01:02,1,620,628,9,VPVAIHADQ,VPVAIHADQ,VPVAIHADQ,7e-06,50
HLA-C*01:02,1,563,571,9,QQFGRDIAD,QQFGRDIAD,QQFGRDIAD,7e-06,50
HLA-C*01:02,1,434,442,9,IAWNSNNLD,IAWNSNNLD,IAWNSNNLD,7e-06,50
HLA-C*01:02,1,356,364,9,KRISNCVAD,KRISNCVAD,KRISNCVAD,7e-06,50
HLA-C*01:02,1,1105,1113,9,TQRNFYEPQ,TQRNFYEPQ,TQRNFYEPQ,6e-06,52
HLA-C*01:02,1,1092,1100,9,EGVFVSNGT,EGVFVSNGT,EGVFVSNGT,6e-06,52
HLA-C*01:02,1,1078,1086,9,APAICHDGK,APAICHDGK,APAICHDGK,6e-06,52
HLA-C*01:02,1,1011,1019,9,QLIRAAEIR,QLIRAAEIR,QLIRAAEIR,6e-06,52
HLA-C*01:02,1,971,979,9,GAISSVLND,GAISSVLND,GAISSVLND,6e-06,52
HLA-C*01:02,1,885,893,9,GWTFGAGAA,GWTFGAGAA,GWTFGAGAA,6e-06,52
HLA-C*01:02,1,881,889,9,TITSGWTFG,TITSGWTFG,TITSGWTFG,6e-06,52
HLA-C*01:02,1,816,824,9,SFIEDLLFN,SFIEDLLFN,SFIEDLLFN,6e-06,52
HLA-C*01:02,1,801,809,9,NFSQILPDP,NFSQILPDP,NFSQILPDP,6e-06,52
HLA-C*01:02,1,799,807,9,GFNFSQILP,GFNFSQILP,GFNFSQILP,6e-06,52
HLA-C*01:02,1,669,677,9,GICASYQTQ,GICASYQTQ,GICASYQTQ,6e-06,52
HLA-C*01:02,1,655,663,9,HVNNSYECD,HVNNSYECD,HVNNSYECD,6e-06,52
HLA-C*01:02,1,649,657,9,CLIGAEHVN,CLIGAEHVN,CLIGAEHVN,6e-06,52
HLA-C*01:02,1,582,590,9,LEILDITPC,LEILDITPC,LEILDITPC,6e-06,52
HLA-C*01:02,1,573,581,9,TDAVRDPQT,TDAVRDPQT,TDAVRDPQT,6e-06,52
HLA-C*01:02,1,518,526,9,LHAPATVCG,LHAPATVCG,LHAPATVCG,6e-06,52
HLA-C*01:02,1,474,482,9,QAGSTPCNG,QAGSTPCNG,QAGSTPCNG,6e-06,52
HLA-C*01:02,1,386,394,9,KLNDLCFTN,KLNDLCFTN,KLNDLCFTN,6e-06,52
HLA-C*01:02,1,381,389,9,GVSPTKLND,GVSPTKLND,GVSPTKLND,6e-06,52
HLA-C*01:02,1,358,366,9,ISNCVADYS,ISNCVADYS,ISNCVADYS,6e-06,52
HLA-C*01:02,1,253,261,9,DSSSGWTAG,DSSSGWTAG,DSSSGWTAG,6e-06,52
HLA-C*01:02,1,252,260,9,GDSSSGWTA,GDSSSGWTA,GDSSSGWTA,6e-06,52
HLA-C*01:02,1,126,134,9,VVIKVCEFQ,VVIKVCEFQ,VVIKVCEFQ,6e-06,52
HLA-C*01:02,1,113,121,9,KTQSLLIVN,KTQSLLIVN,KTQSLLIVN,6e-06,52
HLA-C*01:02,1,88,96,9,DGVYFASTE,DGVYFASTE,DGVYFASTE,6e-06,52
HLA-C*01:02,1,25,33,9,PPAYTNSFT,PPAYTNSFT,PPAYTNSFT,6e-06,52
HLA-C*01:02,1,1245,1253,9,KGCCSCGSC,KGCCSCGSC,KGCCSCGSC,5e-06,55
HLA-C*01:02,1,1198,1206,9,IDLQELGKY,IDLQELGKY,IDLQELGKY,5e-06,55
HLA-C*01:02,1,1172,1180,9,INASVVNIQ,INASVVNIQ,INASVVNIQ,5e-06,55
HLA-C*01:02,1,1097,1105,9,SNGTHWFVT,SNGTHWFVT,SNGTHWFVT,5e-06,55
HLA-C*01:02,1,1071,1079,9,QEKNFTTAP,QEKNFTTAP,QEKNFTTAP,5e-06,55
HLA-C*01:02,1,1031,1039,9,ECVLGQSKR,ECVLGQSKR,ECVLGQSKR,5e-06,55
HLA-C*01:02,1,997,1005,9,ITGRLQSLQ,ITGRLQSLQ,ITGRLQSLQ,5e-06,55
HLA-C*01:02,1,986,994,9,KVEAEVQID,KVEAEVQID,KVEAEVQID,5e-06,55
HLA-C*01:02,1,917,925,9,YENQKLIAN,YENQKLIAN,YENQKLIAN,5e-06,55
HLA-C*01:02,1,832,840,9,GFIKQYGDC,GFIKQYGDC,GFIKQYGDC,5e-06,55
HLA-C*01:02,1,646,654,9,RAGCLIGAE,RAGCLIGAE,RAGCLIGAE,5e-06,55
HLA-C*01:02,1,645,653,9,TRAGCLIGA,TRAGCLIGA,TRAGCLIGA,5e-06,55
HLA-C*01:02,1,588,596,9,TPCSFGGVS,TPCSFGGVS,TPCSFGGVS,5e-06,55
HLA-C*01:02,1,532,540,9,NLVKNKCVN,NLVKNKCVN,NLVKNKCVN,5e-06,55
HLA-C*01:02,1,499,507,9,PTNGVGYQP,PTNGVGYQP,PTNGVGYQP,5e-06,55
HLA-C*01:02,1,490,498,9,FPLQSYGFQ,FPLQSYGFQ,FPLQSYGFQ,5e-06,55
HLA-C*01:02,1,476,484,9,GSTPCNGVE,GSTPCNGVE,GSTPCNGVE,5e-06,55
HLA-C*01:02,1,398,406,9,DSFVIRGDE,DSFVIRGDE,DSFVIRGDE,5e-06,55
HLA-C*01:02,1,388,396,9,NDLCFTNVY,NDLCFTNVY,NDLCFTNVY,5e-06,55
HLA-C*01:02,1,373,381,9,SFSTFKCYG,SFSTFKCYG,SFSTFKCYG,5e-06,55
HLA-C*01:02,1,211,219,9,NLVRDLPQG,NLVRDLPQG,NLVRDLPQG,5e-06,55
HLA-C*01:02,1,165,173,9,NCTFEYVSQ,NCTFEYVSQ,NCTFEYVSQ,5e-06,55
HLA-C*01:02,1,1265,1273,9,LKGVKLHYT,LKGVKLHYT,LKGVKLHYT,4e-06,58
HLA-C*01:02,1,1238,1246,9,TSCCSCLKG,TSCCSCLKG,TSCCSCLKG,4e-06,58
HLA-C*01:02,1,1176,1184,9,VVNIQKEID,VVNIQKEID,VVNIQKEID,4e-06,58
HLA-C*01:02,1,1029,1037,9,MSECVLGQS,MSECVLGQS,MSECVLGQS,4e-06,58
HLA-C*01:02,1,911,919,9,VTQNVLYEN,VTQNVLYEN,VTQNVLYEN,4e-06,58
HLA-C*01:02,1,897,905,9,PFAMQMAYR,PFAMQMAYR,PFAMQMAYR,4e-06,58
HLA-C*01:02,1,879,887,9,AGTITSGWT,AGTITSGWT,AGTITSGWT,4e-06,58
HLA-C*01:02,1,866,874,9,TDEMIAQYT,TDEMIAQYT,TDEMIAQYT,4e-06,58
HLA-C*01:02,1,830,838,9,DAGFIKQYG,DAGFIKQYG,DAGFIKQYG,4e-06,58
HLA-C*01:02,1,763,771,9,LNRALTGIA,LNRALTGIA,LNRALTGIA,4e-06,58
HLA-C*01:02,1,742,750,9,ICGDSTECS,ICGDSTECS,ICGDSTECS,4e-06,58
HLA-C*01:02,1,682,690,9,RRARSVASQ,RRARSVASQ,RRARSVASQ,4e-06,58
HLA-C*01:02,1,659,667,9,SYECDIPIG,SYECDIPIG,SYECDIPIG,4e-06,58
HLA-C*01:02,1,498,506,9,QPTNGVGYQ,QPTNGVGYQ,QPTNGVGYQ,4e-06,58
HLA-C*01:02,1,440,448,9,NLDSKVGGN,NLDSKVGGN,NLDSKVGGN,4e-06,58
HLA-C*01:02,1,390,398,9,LCFTNVYAD,LCFTNVYAD,LCFTNVYAD,4e-06,58
HLA-C*01:02,1,377,385,9,FKCYGVSPT,FKCYGVSPT,FKCYGVSPT,4e-06,58
HLA-C*01:02,1,352,360,9,AWNRKRISN,AWNRKRISN,AWNRKRISN,4e-06,58
HLA-C*01:02,1,332,340,9,ITNLCPFGE,ITNLCPFGE,ITNLCPFGE,4e-06,58
HLA-C*01:02,1,194,202,9,FKNIDGYFK,FKNIDGYFK,FKNIDGYFK,4e-06,58
HLA-C*01:02,1,191,199,9,EFVFKNIDG,EFVFKNIDG,EFVFKNIDG,4e-06,58
HLA-C*01:02,1,187,195,9,KNLREFVFK,KNLREFVFK,KNLREFVFK,4e-06,58
HLA-C*01:02,1,156,164,9,EFRVYSSAN,EFRVYSSAN,EFRVYSSAN,4e-06,58
HLA-C*01:02,1,147,155,9,KNNKSWMES,KNNKSWMES,KNNKSWMES,4e-06,58
HLA-C*01:02,1,107,115,9,GTTLDSKTQ,GTTLDSKTQ,GTTLDSKTQ,4e-06,58
HLA-C*01:02,1,95,103,9,TEKSNIIRG,TEKSNIIRG,TEKSNIIRG,4e-06,58
HLA-C*01:02,1,81,89,9,NPVLPFNDG,NPVLPFNDG,NPVLPFNDG,4e-06,58
HLA-C*01:02,1,32,40,9,FTRGVYYPD,FTRGVYYPD,FTRGVYYPD,4e-06,58
HLA-C*01:02,1,1239,1247,9,SCCSCLKGC,SCCSCLKGC,SCCSCLKGC,3e-06,62
HLA-C*01:02,1,1179,1187,9,IQKEIDRLN,IQKEIDRLN,IQKEIDRLN,3e-06,62
HLA-C*01:02,1,1146,1154,9,DSFKEELDK,DSFKEELDK,DSFKEELDK,3e-06,62
HLA-C*01:02,1,1131,1139,9,GIVNNTVYD,GIVNNTVYD,GIVNNTVYD,3e-06,62
HLA-C*01:02,1,1119,1127,9,NTFVSGNCD,NTFVSGNCD,NTFVSGNCD,3e-06,62
HLA-C*01:02,1,1046,1054,9,GYHLMSFPQ,GYHLMSFPQ,GYHLMSFPQ,3e-06,62
HLA-C*01:02,1,1030,1038,9,SECVLGQSK,SECVLGQSK,SECVLGQSK,3e-06,62
HLA-C*01:02,1,959,967,9,LNTLVKQLS,LNTLVKQLS,LNTLVKQLS,3e-06,62
HLA-C*01:02,1,935,943,9,QDSLSSTAS,QDSLSSTAS,QDSLSSTAS,3e-06,62
HLA-C*01:02,1,928,936,9,NSAIGKIQD,NSAIGKIQD,NSAIGKIQD,3e-06,62
HLA-C*01:02,1,900,908,9,MQMAYRFNG,MQMAYRFNG,MQMAYRFNG,3e-06,62
HLA-C*01:02,1,839,847,9,DCLGDIAAR,DCLGDIAAR,DCLGDIAAR,3e-06,62
HLA-C*01:02,1,756,764,9,YGSFCTQLN,YGSFCTQLN,YGSFCTQLN,3e-06,62
HLA-C*01:02,1,631,639,9,PTWRVYSTG,PTWRVYSTG,PTWRVYSTG,3e-06,62
HLA-C*01:02,1,608,616,9,VAVLYQDVN,VAVLYQDVN,VAVLYQDVN,3e-06,62
HLA-C*01:02,1,606,614,9,NQVAVLYQD,NQVAVLYQD,NQVAVLYQD,3e-06,62
HLA-C*01:02,1,593,601,9,GGVSVITPG,GGVSVITPG,GGVSVITPG,3e-06,62
HLA-C*01:02,1,555,563,9,SNKKFLPFQ,SNKKFLPFQ,SNKKFLPFQ,3e-06,62
HLA-C*01:02,1,485,493,9,GFNCYFPLQ,GFNCYFPLQ,GFNCYFPLQ,3e-06,62
HLA-C*01:02,1,420,428,9,DYNYKLPDD,DYNYKLPDD,DYNYKLPDD,3e-06,62
HLA-C*01:02,1,363,371,9,ADYSVLYNS,ADYSVLYNS,ADYSVLYNS,3e-06,62
HLA-C*01:02,1,279,287,9,YNENGTITD,YNENGTITD,YNENGTITD,3e-06,62
HLA-C*01:02,1,210,218,9,INLVRDLPQ,INLVRDLPQ,INLVRDLPQ,3e-06,62
HLA-C*01:02,1,139,147,9,PFLGVYYHK,PFLGVYYHK,PFLGVYYHK,3e-06,62
HLA-C*01:02,1,128,136,9,IKVCEFQFC,IKVCEFQFC,IKVCEFQFC,3e-06,62
HLA-C*01:02,1,72,80,9,GTNGTKRFD,GTNGTKRFD,GTNGTKRFD,3e-06,62
HLA-C*01:02,1,1237,1245,9,MTSCCSCLK,MTSCCSCLK,MTSCCSCLK,2e-06,68
HLA-C*01:02,1,1139,1147,9,DPLQPELDS,DPLQPELDS,DPLQPELDS,2e-06,68
HLA-C*01:02,1,1123,1131,9,SGNCDVVIG,SGNCDVVIG,SGNCDVVIG,2e-06,68
HLA-C*01:02,1,1118,1126,9,DNTFVSGNC,DNTFVSGNC,DNTFVSGNC,2e-06,68
HLA-C*01:02,1,1111,1119,9,EPQIITTDN,EPQIITTDN,EPQIITTDN,2e-06,68
HLA-C*01:02,1,1040,1048,9,VDFCGKGYH,VDFCGKGYH,VDFCGKGYH,2e-06,68
HLA-C*01:02,1,1036,1044,9,QSKRVDFCG,QSKRVDFCG,QSKRVDFCG,2e-06,68
HLA-C*01:02,1,1022,1030,9,ANLAATKMS,ANLAATKMS,ANLAATKMS,2e-06,68
HLA-C*01:02,1,978,986,9,NDILSRLDK,NDILSRLDK,NDILSRLDK,2e-06,68
HLA-C*01:02,1,945,953,9,LGKLQDVVN,LGKLQDVVN,LGKLQDVVN,2e-06,68
HLA-C*01:02,1,918,926,9,ENQKLIANQ,ENQKLIANQ,ENQKLIANQ,2e-06,68
HLA-C*01:02,1,913,921,9,QNVLYENQK,QNVLYENQK,QNVLYENQK,2e-06,68
HLA-C*01:02,1,906,914,9,FNGIGVTQN,FNGIGVTQN,FNGIGVTQN,2e-06,68
HLA-C*01:02,1,807,815,9,PDPSKPSKR,PDPSKPSKR,PDPSKPSKR,2e-06,68
HLA-C*01:02,1,796,804,9,DFGGFNFSQ,DFGGFNFSQ,DFGGFNFSQ,2e-06,68
HLA-C*01:02,1,795,803,9,KDFGGFNFS,KDFGGFNFS,KDFGGFNFS,2e-06,68
HLA-C*01:02,1,785,793,9,VKQIYKTPP,VKQIYKTPP,VKQIYKTPP,2e-06,68
HLA-C*01:02,1,776,784,9,KNTQEVFAQ,KNTQEVFAQ,KNTQEVFAQ,2e-06,68
HLA-C*01:02,1,775,783,9,DKNTQEVFA,DKNTQEVFA,DKNTQEVFA,2e-06,68
HLA-C*01:02,1,750,758,9,SNLLLQYGS,SNLLLQYGS,SNLLLQYGS,2e-06,68
HLA-C*01:02,1,749,757,9,CSNLLLQYG,CSNLLLQYG,CSNLLLQYG,2e-06,68
HLA-C*01:02,1,738,746,9,CTMYICGDS,CTMYICGDS,CTMYICGDS,2e-06,68
HLA-C*01:02,1,653,661,9,AEHVNNSYE,AEHVNNSYE,AEHVNNSYE,2e-06,68
HLA-C*01:02,1,650,658,9,LIGAEHVNN,LIGAEHVNN,LIGAEHVNN,2e-06,68
HLA-C*01:02,1,626,634,9,ADQLTPTWR,ADQLTPTWR,ADQLTPTWR,2e-06,68
HLA-C*01:02,1,605,613,9,SNQVAVLYQ,SNQVAVLYQ,SNQVAVLYQ,2e-06,68
HLA-C*01:02,1,567,575,9,RDIADTTDA,RDIADTTDA,RDIADTTDA,2e-06,68
HLA-C*01:02,1,564,572,9,QFGRDIADT,QFGRDIADT,QFGRDIADT,2e-06,68
HLA-C*01:02,1,553,561,9,TESNKKFLP,TESNKKFLP,TESNKKFLP,2e-06,68
HLA-C*01:02,1,521,529,9,PATVCGPKK,PATVCGPKK,PATVCGPKK,2e-06,68
HLA-C*01:02,1,491,499,9,PLQSYGFQP,PLQSYGFQP,PLQSYGFQP,2e-06,68
HLA-C*01:02,1,470,478,9,TEIYQAGST,TEIYQAGST,TEIYQAGST,2e-06,68
HLA-C*01:02,1,452,460,9,LYRLFRKSN,LYRLFRKSN,LYRLFRKSN,2e-06,68
HLA-C*01:02,1,442,450,9,DSKVGGNYN,DSKVGGNYN,DSKVGGNYN,2e-06,68
HLA-C*01:02,1,423,431,9,YKLPDDFTG,YKLPDDFTG,YKLPDDFTG,2e-06,68
HLA-C*01:02,1,287,295,9,DAVDCALDP,DAVDCALDP,DAVDCALDP,2e-06,68
HLA-C*01:02,1,188,196,9,NLREFVFKN,NLREFVFKN,NLREFVFKN,2e-06,68
HLA-C*01:02,1,173,181,9,QPFLMDLEG,QPFLMDLEG,QPFLMDLEG,2e-06,68
HLA-C*01:02,1,146,154,9,HKNNKSWME,HKNNKSWME,HKNNKSWME,2e-06,68
HLA-C*01:02,1,129,137,9,KVCEFQFCN,KVCEFQFCN,KVCEFQFCN,2e-06,68
HLA-C*01:02,1,103,111,9,GWIFGTTLD,GWIFGTTLD,GWIFGTTLD,2e-06,68
HLA-C*01:02,1,101,109,9,IRGWIFGTT,IRGWIFGTT,IRGWIFGTT,2e-06,68
HLA-C*01:02,1,99,107,9,NIIRGWIFG,NIIRGWIFG,NIIRGWIFG,2e-06,68
HLA-C*01:02,1,79,87,9,FDNPVLPFN,FDNPVLPFN,FDNPVLPFN,2e-06,68
HLA-C*01:02,1,1254,1262,9,CKFDEDDSE,CKFDEDDSE,CKFDEDDSE,1e-06,81
HLA-C*01:02,1,1247,1255,9,CCSCGSCCK,CCSCGSCCK,CCSCGSCCK,1e-06,81
HLA-C*01:02,1,1246,1254,9,GCCSCGSCC,GCCSCGSCC,GCCSCGSCC,1e-06,81
HLA-C*01:02,1,1194,1202,9,NESLIDLQE,NESLIDLQE,NESLIDLQE,1e-06,81
HLA-C*01:02,1,1187,1195,9,NEVAKNLNE,NEVAKNLNE,NEVAKNLNE,1e-06,81
HLA-C*01:02,1,1167,1175,9,GDISGINAS,GDISGINAS,GDISGINAS,1e-06,81
HLA-C*01:02,1,1152,1160,9,LDKYFKNHT,LDKYFKNHT,LDKYFKNHT,1e-06,81
HLA-C*01:02,1,1149,1157,9,KEELDKYFK,KEELDKYFK,KEELDKYFK,1e-06,81
HLA-C*01:02,1,1142,1150,9,QPELDSFKE,QPELDSFKE,QPELDSFKE,1e-06,81
HLA-C*01:02,1,1138,1146,9,YDPLQPELD,YDPLQPELD,YDPLQPELD,1e-06,81
HLA-C*01:02,1,1127,1135,9,DVVIGIVNN,DVVIGIVNN,DVVIGIVNN,1e-06,81
HLA-C*01:02,1,1100,1108,9,THWFVTQRN,THWFVTQRN,THWFVTQRN,1e-06,81
HLA-C*01:02,1,1085,1093,9,GKAHFPREG,GKAHFPREG,GKAHFPREG,1e-06,81
HLA-C*01:02,1,1038,1046,9,KRVDFCGKG,KRVDFCGKG,KRVDFCGKG,1e-06,81
HLA-C*01:02,1,1037,1045,9,SKRVDFCGK,SKRVDFCGK,SKRVDFCGK,1e-06,81
HLA-C*01:02,1,977,985,9,LNDILSRLD,LNDILSRLD,LNDILSRLD,1e-06,81
HLA-C*01:02,1,946,954,9,GKLQDVVNQ,GKLQDVVNQ,GKLQDVVNQ,1e-06,81
HLA-C*01:02,1,932,940,9,GKIQDSLSS,GKIQDSLSS,GKIQDSLSS,1e-06,81
HLA-C*01:02,1,924,932,9,ANQFNSAIG,ANQFNSAIG,ANQFNSAIG,1e-06,81
HLA-C*01:02,1,867,875,9,DEMIAQYTS,DEMIAQYTS,DEMIAQYTS,1e-06,81
HLA-C*01:02,1,863,871,9,PLLTDEMIA,PLLTDEMIA,PLLTDEMIA,1e-06,81
HLA-C*01:02,1,849,857,9,LICAQKFNG,LICAQKFNG,LICAQKFNG,1e-06,81
HLA-C*01:02,1,840,848,9,CLGDIAARD,CLGDIAARD,CLGDIAARD,1e-06,81
HLA-C*01:02,1,835,843,9,KQYGDCLGD,KQYGDCLGD,KQYGDCLGD,1e-06,81
HLA-C*01:02,1,831,839,9,AGFIKQYGD,AGFIKQYGD,AGFIKQYGD,1e-06,81
HLA-C*01:02,1,812,820,9,PSKRSFIED,PSKRSFIED,PSKRSFIED,1e-06,81
HLA-C*01:02,1,769,777,9,GIAVEQDKN,GIAVEQDKN,GIAVEQDKN,1e-06,81
HLA-C*01:02,1,767,775,9,LTGIAVEQD,LTGIAVEQD,LTGIAVEQD,1e-06,81
HLA-C*01:02,1,743,751,9,CGDSTECSN,CGDSTECSN,CGDSTECSN,1e-06,81
HLA-C*01:02,1,701,709,9,AENSVAYSN,AENSVAYSN,AENSVAYSN,1e-06,81
HLA-C*01:02,1,681,689,9,PRRARSVAS,PRRARSVAS,PRRARSVAS,1e-06,81
HLA-C*01:02,1,667,675,9,GAGICASYQ,GAGICASYQ,GAGICASYQ,1e-06,81
HLA-C*01:02,1,665,673,9,PIGAGICAS,PIGAGICAS,PIGAGICAS,1e-06,81
HLA-C*01:02,1,586,594,9,DITPCSFGG,DITPCSFGG,DITPCSFGG,1e-06,81
HLA-C*01:02,1,560,568,9,LPFQQFGRD,LPFQQFGRD,LPFQQFGRD,1e-06,81
HLA-C*01:02,1,556,564,9,NKKFLPFQQ,NKKFLPFQQ,NKKFLPFQQ,1e-06,81
HLA-C*01:02,1,548,556,9,GTGVLTESN,GTGVLTESN,GTGVLTESN,1e-06,81
HLA-C*01:02,1,537,545,9,KCVNFNFNG,KCVNFNFNG,KCVNFNFNG,1e-06,81
HLA-C*01:02,1,508,516,9,YRVVVLSFE,YRVVVLSFE,YRVVVLSFE,1e-06,81
HLA-C*01:02,1,480,488,9,CNGVEGFNC,CNGVEGFNC,CNGVEGFNC,1e-06,81
HLA-C*01:02,1,463,471,9,PFERDISTE,PFERDISTE,PFERDISTE,1e-06,81
HLA-C*01:02,1,461,469,9,LKPFERDIS,LKPFERDIS,LKPFERDIS,1e-06,81
HLA-C*01:02,1,459,467,9,SNLKPFERD,SNLKPFERD,SNLKPFERD,1e-06,81
HLA-C*01:02,1,457,465,9,RKSNLKPFE,RKSNLKPFE,RKSNLKPFE,1e-06,81
HLA-C*01:02,1,439,447,9,NNLDSKVGG,NNLDSKVGG,NNLDSKVGG,1e-06,81
HLA-C*01:02,1,438,446,9,SNNLDSKVG,SNNLDSKVG,SNNLDSKVG,1e-06,81
HLA-C*01:02,1,432,440,9,CVIAWNSNN,CVIAWNSNN,CVIAWNSNN,1e-06,81
HLA-C*01:02,1,430,438,9,TGCVIAWNS,TGCVIAWNS,TGCVIAWNS,1e-06,81
HLA-C*01:02,1,429,437,9,FTGCVIAWN,FTGCVIAWN,FTGCVIAWN,1e-06,81
HLA-C*01:02,1,427,435,9,DDFTGCVIA,DDFTGCVIA,DDFTGCVIA,1e-06,81
HLA-C*01:02,1,416,424,9,GKIADYNYK,GKIADYNYK,GKIADYNYK,1e-06,81
HLA-C*01:02,1,414,422,9,QTGKIADYN,QTGKIADYN,QTGKIADYN,1e-06,81
HLA-C*01:02,1,404,412,9,GDEVRQIAP,GDEVRQIAP,GDEVRQIAP,1e-06,81
HLA-C*01:02,1,391,399,9,CFTNVYADS,CFTNVYADS,CFTNVYADS,1e-06,81
HLA-C*01:02,1,385,393,9,TKLNDLCFT,TKLNDLCFT,TKLNDLCFT,1e-06,81
HLA-C*01:02,1,346,354,9,RFASVYAWN,RFASVYAWN,RFASVYAWN,1e-06,81
HLA-C*01:02,1,331,339,9,NITNLCPFG,NITNLCPFG,NITNLCPFG,1e-06,81
HLA-C*01:02,1,297,305,9,SETKCTLKS,SETKCTLKS,SETKCTLKS,1e-06,81
HLA-C*01:02,1,290,298,9,DCALDPLSE,DCALDPLSE,DCALDPLSE,1e-06,81
HLA-C*01:02,1,251,259,9,PGDSSSGWT,PGDSSSGWT,PGDSSSGWT,1e-06,81
HLA-C*01:02,1,244,252,9,LHRSYLTPG,LHRSYLTPG,LHRSYLTPG,1e-06,81
HLA-C*01:02,1,224,232,9,EPLVDLPIG,EPLVDLPIG,EPLVDLPIG,1e-06,81
HLA-C*01:02,1,217,225,9,PQGFSALEP,PQGFSALEP,PQGFSALEP,1e-06,81
HLA-C*01:02,1,209,217,9,PINLVRDLP,PINLVRDLP,PINLVRDLP,1e-06,81
HLA-C*01:02,1,179,187,9,LEGKQGNFK,LEGKQGNFK,LEGKQGNFK,1e-06,81
HLA-C*01:02,1,164,172,9,NNCTFEYVS,NNCTFEYVS,NNCTFEYVS,1e-06,81
HLA-C*01:02,1,141,149,9,LGVYYHKNN,LGVYYHKNN,LGVYYHKNN,1e-06,81
HLA-C*01:02,1,134,142,9,QFCNDPFLG,QFCNDPFLG,QFCNDPFLG,1e-06,81
HLA-C*01:02,1,124,132,9,TNVVIKVCE,TNVVIKVCE,TNVVIKVCE,1e-06,81
HLA-C*01:02,1,87,95,9,NDGVYFAST,NDGVYFAST,NDGVYFAST,1e-06,81
HLA-C*01:02,1,80,88,9,DNPVLPFND,DNPVLPFND,DNPVLPFND,1e-06,81
HLA-C*01:02,1,33,41,9,TRGVYYPDK,TRGVYYPDK,TRGVYYPDK,1e-06,81
HLA-C*01:02,1,1259,1267,9,DDSEPVLKG,DDSEPVLKG,DDSEPVLKG,0.0,100
HLA-C*01:02,1,1253,1261,9,CCKFDEDDS,CCKFDEDDS,CCKFDEDDS,0.0,100
HLA-C*01:02,1,1252,1260,9,SCCKFDEDD,SCCKFDEDD,SCCKFDEDD,0.0,100
HLA-C*01:02,1,1251,1259,9,GSCCKFDED,GSCCKFDED,GSCCKFDED,0.0,100
HLA-C*01:02,1,1250,1258,9,CGSCCKFDE,CGSCCKFDE,CGSCCKFDE,0.0,100
HLA-C*01:02,1,1249,1257,9,SCGSCCKFD,SCGSCCKFD,SCGSCCKFD,0.0,100
HLA-C*01:02,1,1244,1252,9,LKGCCSCGS,LKGCCSCGS,LKGCCSCGS,0.0,100
HLA-C*01:02,1,1243,1251,9,CLKGCCSCG,CLKGCCSCG,CLKGCCSCG,0.0,100
HLA-C*01:02,1,1240,1248,9,CCSCLKGCC,CCSCLKGCC,CCSCLKGCC,0.0,100
HLA-C*01:02,1,1234,1242,9,LCCMTSCCS,LCCMTSCCS,LCCMTSCCS,0.0,100
HLA-C*01:02,1,1193,1201,9,LNESLIDLQ,LNESLIDLQ,LNESLIDLQ,0.0,100
HLA-C*01:02,1,1191,1199,9,KNLNESLID,KNLNESLID,KNLNESLID,0.0,100
HLA-C*01:02,1,1186,1194,9,LNEVAKNLN,LNEVAKNLN,LNEVAKNLN,0.0,100
HLA-C*01:02,1,1184,1192,9,DRLNEVAKN,DRLNEVAKN,DRLNEVAKN,0.0,100
HLA-C*01:02,1,1180,1188,9,QKEIDRLNE,QKEIDRLNE,QKEIDRLNE,0.0,100
HLA-C*01:02,1,1165,1173,9,DLGDISGIN,DLGDISGIN,DLGDISGIN,0.0,100
HLA-C*01:02,1,1162,1170,9,PDVDLGDIS,PDVDLGDIS,PDVDLGDIS,0.0,100
HLA-C*01:02,1,1157,1165,9,KNHTSPDVD,KNHTSPDVD,KNHTSPDVD,0.0,100
HLA-C*01:02,1,1150,1158,9,EELDKYFKN,EELDKYFKN,EELDKYFKN,0.0,100
HLA-C*01:02,1,1145,1153,9,LDSFKEELD,LDSFKEELD,LDSFKEELD,0.0,100
HLA-C*01:02,1,1143,1151,9,PELDSFKEE,PELDSFKEE,PELDSFKEE,0.0,100
HLA-C*01:02,1,1134,1142,9,NNTVYDPLQ,NNTVYDPLQ,NNTVYDPLQ,0.0,100
HLA-C*01:02,1,1126,1134,9,CDVVIGIVN,CDVVIGIVN,CDVVIGIVN,0.0,100
HLA-C*01:02,1,1117,1125,9,TDNTFVSGN,TDNTFVSGN,TDNTFVSGN,0.0,100
HLA-C*01:02,1,1112,1120,9,PQIITTDNT,PQIITTDNT,PQIITTDNT,0.0,100
HLA-C*01:02,1,1091,1099,9,REGVFVSNG,REGVFVSNG,REGVFVSNG,0.0,100
HLA-C*01:02,1,1090,1098,9,PREGVFVSN,PREGVFVSN,PREGVFVSN,0.0,100
HLA-C*01:02,1,1027,1035,9,TKMSECVLG,TKMSECVLG,TKMSECVLG,0.0,100
HLA-C*01:02,1,994,1002,9,DRLITGRLQ,DRLITGRLQ,DRLITGRLQ,0.0,100
HLA-C*01:02,1,984,992,9,LDKVEAEVQ,LDKVEAEVQ,LDKVEAEVQ,0.0,100
HLA-C*01:02,1,963,971,9,VKQLSSNFG,VKQLSSNFG,VKQLSSNFG,0.0,100
HLA-C*01:02,1,952,960,9,VNQNAQALN,VNQNAQALN,VNQNAQALN,0.0,100
HLA-C*01:02,1,949,957,9,QDVVNQNAQ,QDVVNQNAQ,QDVVNQNAQ,0.0,100
HLA-C*01:02,1,920,928,9,QKLIANQFN,QKLIANQFN,QKLIANQFN,0.0,100
HLA-C*01:02,1,848,856,9,DLICAQKFN,DLICAQKFN,DLICAQKFN,0.0,100
HLA-C*01:02,1,838,846,9,GDCLGDIAA,GDCLGDIAA,GDCLGDIAA,0.0,100
HLA-C*01:02,1,834,842,9,IKQYGDCLG,IKQYGDCLG,IKQYGDCLG,0.0,100
HLA-C*01:02,1,824,832,9,NKVTLADAG,NKVTLADAG,NKVTLADAG,0.0,100
HLA-C*01:02,1,819,827,9,EDLLFNKVT,EDLLFNKVT,EDLLFNKVT,0.0,100
HLA-C*01:02,1,793,801,9,PIKDFGGFN,PIKDFGGFN,PIKDFGGFN,0.0,100
HLA-C*01:02,1,779,787,9,QEVFAQVKQ,QEVFAQVKQ,QEVFAQVKQ,0.0,100
HLA-C*01:02,1,747,755,9,TECSNLLLQ,TECSNLLLQ,TECSNLLLQ,0.0,100
HLA-C*01:02,1,737,745,9,DCTMYICGD,DCTMYICGD,DCTMYICGD,0.0,100
HLA-C*01:02,1,736,744,9,VDCTMYICG,VDCTMYICG,VDCTMYICG,0.0,100
HLA-C*01:02,1,709,717,9,NNSIAIPTN,NNSIAIPTN,NNSIAIPTN,0.0,100
HLA-C*01:02,1,702,710,9,ENSVAYSNN,ENSVAYSNN,ENSVAYSNN,0.0,100
HLA-C*01:02,1,657,665,9,NNSYECDIP,NNSYECDIP,NNSYECDIP,0.0,100
HLA-C*01:02,1,633,641,9,WRVYSTGSN,WRVYSTGSN,WRVYSTGSN,0.0,100
HLA-C*01:02,1,613,621,9,QDVNCTEVP,QDVNCTEVP,QDVNCTEVP,0.0,100
HLA-C*01:02,1,585,593,9,LDITPCSFG,LDITPCSFG,LDITPCSFG,0.0,100
HLA-C*01:02,1,578,586,9,DPQTLEILD,DPQTLEILD,DPQTLEILD,0.0,100
HLA-C*01:02,1,570,578,9,ADTTDAVRD,ADTTDAVRD,ADTTDAVRD,0.0,100
HLA-C*01:02,1,566,574,9,GRDIADTTD,GRDIADTTD,GRDIADTTD,0.0,100
HLA-C*01:02,1,536,544,9,NKCVNFNFN,NKCVNFNFN,NKCVNFNFN,0.0,100
HLA-C*01:02,1,534,542,9,VKNKCVNFN,VKNKCVNFN,VKNKCVNFN,0.0,100
HLA-C*01:02,1,528,536,9,KKSTNLVKN,KKSTNLVKN,KKSTNLVKN,0.0,100
HLA-C*01:02,1,527,535,9,PKKSTNLVK,PKKSTNLVK,PKKSTNLVK,0.0,100
HLA-C*01:02,1,483,491,9,VEGFNCYFP,VEGFNCYFP,VEGFNCYFP,0.0,100
HLA-C*01:02,1,479,487,9,PCNGVEGFN,PCNGVEGFN,PCNGVEGFN,0.0,100
HLA-C*01:02,1,466,474,9,RDISTEIYQ,RDISTEIYQ,RDISTEIYQ,0.0,100
HLA-C*01:02,1,431,439,9,GCVIAWNSN,GCVIAWNSN,GCVIAWNSN,0.0,100
HLA-C*01:02,1,419,427,9,ADYNYKLPD,ADYNYKLPD,ADYNYKLPD,0.0,100
HLA-C*01:02,1,412,420,9,PGQTGKIAD,PGQTGKIAD,PGQTGKIAD,0.0,100
HLA-C*01:02,1,405,413,9,DEVRQIAPG,DEVRQIAPG,DEVRQIAPG,0.0,100
HLA-C*01:02,1,397,405,9,ADSFVIRGD,ADSFVIRGD,ADSFVIRGD,0.0,100
HLA-C*01:02,1,323,331,9,TESIVRFPN,TESIVRFPN,TESIVRFPN,0.0,100
HLA-C*01:02,1,309,317,9,EKGIYQTSN,EKGIYQTSN,EKGIYQTSN,0.0,100
HLA-C*01:02,1,303,311,9,LKSFTVEKG,LKSFTVEKG,LKSFTVEKG,0.0,100
HLA-C*01:02,1,299,307,9,TKCTLKSFT,TKCTLKSFT,TKCTLKSFT,0.0,100
HLA-C*01:02,1,289,297,9,VDCALDPLS,VDCALDPLS,VDCALDPLS,0.0,100
HLA-C*01:02,1,286,294,9,TDAVDCALD,TDAVDCALD,TDAVDCALD,0.0,100
HLA-C*01:02,1,282,290,9,NGTITDAVD,NGTITDAVD,NGTITDAVD,0.0,100
HLA-C*01:02,1,272,280,9,PRTFLLKYN,PRTFLLKYN,PRTFLLKYN,0.0,100
HLA-C*01:02,1,245,253,9,HRSYLTPGD,HRSYLTPGD,HRSYLTPGD,0.0,100
HLA-C*01:02,1,197,205,9,IDGYFKIYS,IDGYFKIYS,IDGYFKIYS,0.0,100
HLA-C*01:02,1,190,198,9,REFVFKNID,REFVFKNID,REFVFKNID,0.0,100
HLA-C*01:02,1,180,188,9,EGKQGNFKN,EGKQGNFKN,EGKQGNFKN,0.0,100
HLA-C*01:02,1,177,185,9,MDLEGKQGN,MDLEGKQGN,MDLEGKQGN,0.0,100
HLA-C*01:02,1,174,182,9,PFLMDLEGK,PFLMDLEGK,PFLMDLEGK,0.0,100
HLA-C*01:02,1,157,165,9,FRVYSSANN,FRVYSSANN,FRVYSSANN,0.0,100
HLA-C*01:02,1,131,139,9,CEFQFCNDP,CEFQFCNDP,CEFQFCNDP,0.0,100
HLA-C*01:02,1,130,138,9,VCEFQFCND,VCEFQFCND,VCEFQFCND,0.0,100
HLA-C*01:02,1,73,81,9,TNGTKRFDN,TNGTKRFDN,TNGTKRFDN,0.0,100
HLA-C*01:02,1,52,60,9,QDLFLPFFS,QDLFLPFFS,QDLFLPFFS,0.0,100
HLA-C*01:02,1,9,17,9,PLVSSQCVN,PLVSSQCVN,PLVSSQCVN,0.0,100
